input_row_number,case_id,pollutant_name,parent_smiles
1,SPD-BBD2-PARENT-c0001,"1,2-Dichloroethane",ClCCCl
2,SPD-BBD2-PARENT-c0002,Atrazine,CCNc1nc(Cl)nc(NC(C)C)n1
3,SPD-BBD2-PARENT-c0006,Gallate,Oc1cc(cc(O)c1O)C([O-])=O
4,SPD-BBD2-PARENT-c0018,"1,3-Dichloro-2-propanol",OC(CCl)CCl
5,SPD-BBD2-PARENT-c0039,Dibenzofuran,c1ccc2c(c1)oc1ccccc21
6,SPD-BBD2-PARENT-c0116,Ethylbenzene,CCc1ccccc1
7,SPD-BBD2-PARENT-c0118,Dibenzothiophene,c1ccc2c(c1)sc1ccccc21
8,SPD-BBD2-PARENT-c0121,Benzoate,[O-]C(=O)c1ccccc1
9,SPD-BBD2-PARENT-c0134,Glyphosate,[O-]C(=O)CNCP([O-])([O-])=O
10,SPD-BBD2-PARENT-c0139,"beta -1,2,3,4,5,6-Hexachlorocyclohexane",Cl[C@H]1[C@H](Cl)[C@@H](Cl)[C@H](Cl)[C@@H](Cl)[C@@H]1Cl
11,SPD-BBD2-PARENT-c0148,Acrylonitrile,C=CC#N
12,SPD-BBD2-PARENT-c0153,( R )-Mandelate,O[C@@H](C([O-])=O)c1ccccc1
13,SPD-BBD2-PARENT-c0163,Cyanuric acid,Oc1nc(O)nc(O)n1
14,SPD-BBD2-PARENT-c0177,4-Chlorobiphenyl,Clc1ccc(cc1)-c1ccccc1
15,SPD-BBD2-PARENT-c0233,Dichloromethane,ClCCl
16,SPD-BBD2-PARENT-c0236,Dimethyl Sulfoxide,CS(C)=O
17,SPD-BBD2-PARENT-c0245,2-Aminobenzenesulfonate,Nc1ccccc1S([O-])(=O)=O
18,SPD-BBD2-PARENT-c0286,cis -3-Chloroacrylic acid,[O-]C(=O)\C=C/Cl
19,SPD-BBD2-PARENT-c0288,"2,4-Dichlorophenoxyacetic acid",[O-]C(=O)COc1ccc(Cl)cc1Cl
20,SPD-BBD2-PARENT-c0345,2-Aminobenzoate,Nc1ccccc1C([O-])=O
21,SPD-BBD2-PARENT-c0352,1-Aminocyclopropane-1-carboxylate,NC1(CC1)C([O-])=O
22,SPD-BBD2-PARENT-c0367,Benzonitrile,N#Cc1ccccc1
23,SPD-BBD2-PARENT-c0371,Biphenyl,c1ccc(cc1)-c1ccccc1
24,SPD-BBD2-PARENT-c0375,p -Cymene,CC(C)c1ccc(C)cc1
25,SPD-BBD2-PARENT-c0388,Fluorene,C1c2ccccc2-c2ccccc12
26,SPD-BBD2-PARENT-c0407,(+)-Camphor,CC1(C)C2CCC1(C)C(=O)C2
27,SPD-BBD2-PARENT-c0426,Dibenzo-p-dioxin,O1c2ccccc2Oc2ccccc12
28,SPD-BBD2-PARENT-c0432,epsilon -Caprolactam,O=C1CCCCCN1
29,SPD-BBD2-PARENT-c0444,Carbazole,c1ccc2c(c1)[nH]c1ccccc21
30,SPD-BBD2-PARENT-c0480,Bromoxynil,Oc1c(Br)cc(cc1Br)C#N
31,SPD-BBD2-PARENT-c0486,Carbon Tetrachloride,ClC(Cl)(Cl)Cl
32,SPD-BBD2-PARENT-c0526,Acetylene,C#C
33,SPD-BBD2-PARENT-c0563,Dodecyl sulfate,CCCCCCCCCCCCOS([O-])(=O)=O
34,SPD-BBD2-PARENT-c0593,"1,4-Dichlorobenzene",Clc1ccc(Cl)cc1
35,SPD-BBD2-PARENT-c0597,Cyanamide,NC#N
36,SPD-BBD2-PARENT-c0604,Adamantanone,O=C1C2CC3CC(C2)CC1C3
37,SPD-BBD2-PARENT-c0612,"cis -1,3-Dichloropropene",ClC\C=C/Cl
38,SPD-BBD2-PARENT-c0626,Limonene,CC(=C)C1CCC(C)=CC1
39,SPD-BBD2-PARENT-c0639,"Hexahydro-1,3,5-trinitro-1,3,5-triazine",[O-][N+](=O)N1CN(CN(C1)[N+]([O-])=O)[N+]([O-])=O
40,SPD-BBD2-PARENT-c0653,2-Chloro-N-isopropylacetanilide,CC(C)N(C(=O)CCl)c1ccccc1
41,SPD-BBD2-PARENT-c0689,Cyclohexylsulfamate,[O-]S(=O)(=O)NC1CCCCC1
42,SPD-BBD2-PARENT-c0691,Dimethylphosphinate,CP(C)([O-])=O
43,SPD-BBD2-PARENT-c0694,4-Hydroxyacetophenone,CC(=O)c1ccc(O)cc1
44,SPD-BBD2-PARENT-c0764,Bisphenol A,CC(C)(c1ccc(O)cc1)c1ccc(O)cc1
45,SPD-BBD2-PARENT-c0765,"2,4-Dichloroaniline",Nc1ccc(Cl)cc1Cl
46,SPD-BBD2-PARENT-c0865,"2,4-Dichlorotoluene",Cc1ccc(Cl)cc1Cl
47,SPD-BBD2-PARENT-c0897,Benzyl sulfide,C(SCc1ccccc1)c1ccccc1
48,SPD-BBD2-PARENT-c0908,N-Cyclohexylisocyanide,C#[N+]C1CCCCC1
49,SPD-BBD2-PARENT-c0939,Hypophosphite,OP=O
50,SPD-BBD2-PARENT-c0941,Cyclohexane,C1CCCCC1
51,SPD-BBD2-PARENT-c0946,Branched-chain dodecylbenzene sulfonate,CCCCCCCCCCCCc1ccc(cc1)S([O-])(=O)=O
52,SPD-BBD2-PARENT-c0991,Anthracene,c1ccc2cc3ccccc3cc2c1
53,SPD-BBD2-PARENT-c1013,Citronellol,CC(CCO)CCC=C(C)C
54,SPD-BBD2-PARENT-c1019,2-Mercaptobenzothiazole,Sc1nc2ccccc2s1
55,SPD-BBD2-PARENT-c1039,4-Fluorobenzoate,[O-]C(=O)c1ccc(F)cc1
56,SPD-BBD2-PARENT-c1043,Geraniol,CC(C)=CCC\C(C)=C\CO
57,SPD-BBD2-PARENT-c1066,"(-)-(1 R ,2 S ,5 R )-Menthol",CC(C)[C@@H]1CC[C@@H](C)CC1O
58,SPD-BBD2-PARENT-c1072,3-Fluorobenzoate,[O-]C(=O)c1cccc(F)c1
59,SPD-BBD2-PARENT-c1078,Isooctane,CC(C)CC(C)(C)C
60,SPD-BBD2-PARENT-c1094,Caffeine,CN1C=NC2=C1C(=O)N(C)C(=O)N2C
61,SPD-BBD2-PARENT-c1161,Isoniazid,NNC(=O)c1ccncc1
62,SPD-BBD2-PARENT-c1182,Furfural,O=Cc1ccco1
63,SPD-BBD2-PARENT-c1188,Endosulfan,ClC1=C(Cl)C2(Cl)C3COS(=O)OCC3C1(Cl)C2(Cl)Cl
64,SPD-BBD2-PARENT-c1201,4-Hydroxypyridine,Oc1ccncc1
65,SPD-BBD2-PARENT-c1263,Asulam,COC(=O)NS(=O)(=O)c1ccc(N)cc1
66,SPD-BBD2-PARENT-c1266,Bisphenol F,Oc1ccc(Cc2ccc(O)cc2)cc1
67,SPD-BBD2-PARENT-c1267,Dimethyl isophthalate,COC(=O)c1cccc(c1)C(=O)OC
68,SPD-BBD2-PARENT-c1285,Carbofuran,CNC(=O)Oc1cccc2CC(C)(C)Oc12
69,SPD-BBD2-PARENT-c1296,Metamitron,Cc1nnc(-c2ccccc2)c(=O)n1N
70,SPD-BBD2-PARENT-c1313,"2,4-Dinitrotoluene",Cc1ccc(cc1[N+]([O-])=O)[N+]([O-])=O
71,SPD-BBD2-PARENT-c1350,"3,3'-Dithiodipropionate",[O-]C(=O)CCSSCCC([O-])=O
72,SPD-BBD2-PARENT-c1352,"N,N-Diethyl-m-toluamide",CCN(CC)C(=O)c1cccc(C)c1
73,SPD-BBD2-PARENT-c1354,"1,4-Dioxane",C1COCCO1
74,SPD-BBD2-PARENT-c1383,Benzothiophene,c1cc2ccccc2s1
75,SPD-BBD2-PARENT-c1391,Cinnamate,[O-]C(=O)\C=C\c1ccccc1
76,SPD-BBD2-PARENT-c1412,Ketoprofen,CC(C([O-])=O)c1cccc(c1)C(=O)c1ccccc1
77,SPD-BBD2-PARENT-c1441,Alachlor,CCc1cccc(CC)c1N(COC)C(=O)CCl
78,SPD-BBD2-PARENT-c1457,Malathion,CCOC(=O)CC(SP(=S)(OC)OC)C(=O)OCC
79,SPD-BBD2-PARENT-c1481,Methamidophos,COP(N)(=O)SC
80,SPD-BBD2-PARENT-c1524,Diazepam,CN1c2ccc(Cl)cc2C(=NCC1=O)c1ccccc1
81,SPD-BBD2-PARENT-c1531,Acenaphthylene,C1=Cc2cccc3cccc1c23
82,SPD-BBD2-PARENT-c1549,"1,5-Anhydro-D-fructose",OC[C@H]1OCC(=O)[C@@H](O)[C@@H]1O
83,SPD-BBD2-PARENT-c1586,Atenolol,CC(C)NCC(O)COc1ccc(CC(N)=O)cc1
