path,scope,r1_bytes,r1_sha256,first_round_sha256,verdict
config/settings.py,cumulative_preR3_plus_T2_T5_integration,3205,64db6355e49a2eb40ecdebf9be46abe53ea73ea31f8dce2297cc2e70c378688f,64db6355e49a2eb40ecdebf9be46abe53ea73ea31f8dce2297cc2e70c378688f,IDENTICAL
src/nodes/microbe_selection_node.py,cumulative_preR3_plus_T2_T5_integration,6824,365e9824f7933c818882293b1388d9b499f179e00443b70b4f5300dd527a8071,365e9824f7933c818882293b1388d9b499f179e00443b70b4f5300dd527a8071,IDENTICAL
src/nodes/reaction_prediction_node.py,cumulative_preR3_plus_T2_T5_integration,3185,6dc0853cf30ea40d2325c7a296200bfac65805564231a9dfef3118a622ef25ba,6dc0853cf30ea40d2325c7a296200bfac65805564231a9dfef3118a622ef25ba,IDENTICAL
src/nodes/trait_filter_node.py,cumulative_preR3_plus_T2_T5_integration,3981,0368d3778addefa07f73c776123e8d56ede48bf4ac8b69f476497802c21633ec,0368d3778addefa07f73c776123e8d56ede48bf4ac8b69f476497802c21633ec,IDENTICAL
src/schemas/evidence.py,cumulative_preR3_plus_T2_T5_integration,31378,3bd1cfd8c80b65ba18060a9a9c3884453b598b5f750792090196559e3a67fbcd,3bd1cfd8c80b65ba18060a9a9c3884453b598b5f750792090196559e3a67fbcd,IDENTICAL
src/tools/depending_v32_adapter.py,cumulative_preR3_plus_T2_T5_integration,1567,fce500204b2aadd46fef0dc83a39278904c4782d79728b341de822a839c12418,fce500204b2aadd46fef0dc83a39278904c4782d79728b341de822a839c12418,IDENTICAL
src/tools/microbe_recommender.py,cumulative_preR3_plus_T2_T5_integration,52120,0e74b384f056b4b9054d865a1df9b494ab16abe7ea4a96baffed64ca3d39419a,0e74b384f056b4b9054d865a1df9b494ab16abe7ea4a96baffed64ca3d39419a,IDENTICAL
src/tools/predicted_to_candidate.py,cumulative_preR3_plus_T2_T5_integration,3042,7ff00f911f7452db2c001b68f5d2927a673298716ab0674169facae031b2fbb3,7ff00f911f7452db2c001b68f5d2927a673298716ab0674169facae031b2fbb3,IDENTICAL
src/tools/reaction_predictor.py,cumulative_preR3_plus_T2_T5_integration,8980,860d582ca6b9f18270748e8f35ebab00ed56446218307fac27e33193e83da308,860d582ca6b9f18270748e8f35ebab00ed56446218307fac27e33193e83da308,IDENTICAL
src/tools/reaction_retriever.py,cumulative_preR3_plus_T2_T5_integration,15026,648455f1b4aec34dac1f7de9353fbcae499588d21666c3ad429ef7801bff37de,648455f1b4aec34dac1f7de9353fbcae499588d21666c3ad429ef7801bff37de,IDENTICAL
src/tools/trait_query.py,cumulative_preR3_plus_T2_T5_integration,19050,b31d9d81f10f76abe9b00c5cca292d91746e3881ec4ebd9c67c792a7534dcabb,b31d9d81f10f76abe9b00c5cca292d91746e3881ec4ebd9c67c792a7534dcabb,IDENTICAL
src/utils/organism_aggregator.py,cumulative_preR3_plus_T2_T5_integration,9934,b30cba9faa3212e7a143d75815ebfa6d7407b96d885bbf102d8954cad10dc8a0,b30cba9faa3212e7a143d75815ebfa6d7407b96d885bbf102d8954cad10dc8a0,IDENTICAL
src/utils/route_step_organism_aggregator.py,cumulative_preR3_plus_T2_T5_integration,18534,ac04a6e237d52f0c007726390e1cc8b9d9091923f80daa59313178f9d84083cd,ac04a6e237d52f0c007726390e1cc8b9d9091923f80daa59313178f9d84083cd,IDENTICAL
tests/_t6r3ar1_aggregation_worker.py,cumulative_preR3_plus_T2_T5_integration,3335,96eb4fe8f8ef153d91ecc3d821fd82e5226566b75a2f24ee395826aefc371d17,96eb4fe8f8ef153d91ecc3d821fd82e5226566b75a2f24ee395826aefc371d17,IDENTICAL
tests/_t6r3ar2a_loader_worker.py,cumulative_preR3_plus_T2_T5_integration,9470,d60a36c584ecbb1b625e3388ba1c667302b73e896efcda57b13dc95baa079d0b,d60a36c584ecbb1b625e3388ba1c667302b73e896efcda57b13dc95baa079d0b,IDENTICAL
tests/_t6r3ar2a_merge_worker.py,cumulative_preR3_plus_T2_T5_integration,9625,a2afd746bb64412c0c7dad8703d632f3417830b348fd1d27d2cfc0f9b889259d,a2afd746bb64412c0c7dad8703d632f3417830b348fd1d27d2cfc0f9b889259d,IDENTICAL
tests/_t6r3ar2a_path_worker.py,cumulative_preR3_plus_T2_T5_integration,10229,2ac186f8d4b70961d87c04c28b783bda694eb7852f0c08932fd0a5d50ab91f68,2ac186f8d4b70961d87c04c28b783bda694eb7852f0c08932fd0a5d50ab91f68,IDENTICAL
tests/_t6r3ar2a_support.py,cumulative_preR3_plus_T2_T5_integration,9865,2ca28f93afb40c66fedcc8efb9b8eaa0f22f02b04242255d164c61a7f8228e57,2ca28f93afb40c66fedcc8efb9b8eaa0f22f02b04242255d164c61a7f8228e57,IDENTICAL
tests/run_t6r3a_tests.py,cumulative_preR3_plus_T2_T5_integration,610,6ab62f4eebb20d16a8bd13b200b8cfa92fb3d57f84242b208ebd3b493aaed9c6,6ab62f4eebb20d16a8bd13b200b8cfa92fb3d57f84242b208ebd3b493aaed9c6,IDENTICAL
tests/run_t6r3ar1_tests.py,cumulative_preR3_plus_T2_T5_integration,911,d8300aa77b437f4c6037c6759de8fc5b70ccedff8bae1ff064c80e72a8b9c582,d8300aa77b437f4c6037c6759de8fc5b70ccedff8bae1ff064c80e72a8b9c582,IDENTICAL
tests/test_c8_trait_adapter.py,cumulative_preR3_plus_T2_T5_integration,17569,4e13d2c61071208998572c40b875766f6d490a58ad3c4f01c50a2b1cf42534e1,4e13d2c61071208998572c40b875766f6d490a58ad3c4f01c50a2b1cf42534e1,IDENTICAL
tests/test_route_step_organism_aggregator.py,cumulative_preR3_plus_T2_T5_integration,35085,4450c47b694bdcefedc691fa34e7d7b985ed39db511f7d367f5bda97a6d76004,4450c47b694bdcefedc691fa34e7d7b985ed39db511f7d367f5bda97a6d76004,IDENTICAL
tests/test_t6r3a_g2_unique_predicted_reaction.py,cumulative_preR3_plus_T2_T5_integration,3144,a6c3867f876810e01b32baab8d94b3fa42dda87bfd115f1e0c0a7305414bce63,a6c3867f876810e01b32baab8d94b3fa42dda87bfd115f1e0c0a7305414bce63,IDENTICAL
tests/test_t6r3a_g3_no_8001_dependency.py,cumulative_preR3_plus_T2_T5_integration,1306,73a10195fffc5d835f91748a0ff8fe5d4b7812fb160537f8f96ab00a48e3883b,73a10195fffc5d835f91748a0ff8fe5d4b7812fb160537f8f96ab00a48e3883b,IDENTICAL
tests/test_t6r3a_g4_host_literal_enum.py,cumulative_preR3_plus_T2_T5_integration,1030,0411768201da91a316f93cd918f45e94ff66ce44f12d00944e18c13a4765ba8a,0411768201da91a316f93cd918f45e94ff66ce44f12d00944e18c13a4765ba8a,IDENTICAL
tests/test_t6r3a_g5_pair_contract.py,cumulative_preR3_plus_T2_T5_integration,2317,cf7d1faada822de2b23e19fba6518b324fd416b85de504498b03d1387b1f86ec,cf7d1faada822de2b23e19fba6518b324fd416b85de504498b03d1387b1f86ec,IDENTICAL
tests/test_t6r3ar1_aggregation_gschema.py,cumulative_preR3_plus_T2_T5_integration,10679,fb3fcf6eacaea1d8a5fe57decfa348e3b0e0f9e6f26034ec8414bd7a1dac077b,fb3fcf6eacaea1d8a5fe57decfa348e3b0e0f9e6f26034ec8414bd7a1dac077b,IDENTICAL
tests/test_t6r3ar1_g4_host_evidence_record_boundary.py,cumulative_preR3_plus_T2_T5_integration,15043,c0ea39131ae9bceef6895fc2fcb8100a7153171329b6d068df80d79af5652e30,c0ea39131ae9bceef6895fc2fcb8100a7153171329b6d068df80d79af5652e30,IDENTICAL
tests/test_t6r3ar1_microbe_node_rest_wiring.py,cumulative_preR3_plus_T2_T5_integration,7309,66ebd87731f5253dcd621d29b3e4ae11ba48d7e159d4180befb59665a066de49,66ebd87731f5253dcd621d29b3e4ae11ba48d7e159d4180befb59665a066de49,IDENTICAL
tests/test_t6r3ar2a_frozen_uid_map_loader.py,cumulative_preR3_plus_T2_T5_integration,17547,c5895d39216d36fc40f5c0e575c4ed2b3052b87d1fe10e6db789bf3bbd4e3b42,c5895d39216d36fc40f5c0e575c4ed2b3052b87d1fe10e6db789bf3bbd4e3b42,IDENTICAL
tests/test_t6r3ar2a_gschema_host_evidence_contract.py,cumulative_preR3_plus_T2_T5_integration,6385,3a1ed7827c46194f40b3f366b7f8e967e8d3e0d1c84e787d7b1f8b3b6066d664,3a1ed7827c46194f40b3f366b7f8e967e8d3e0d1c84e787d7b1f8b3b6066d664,IDENTICAL
tests/test_t6r3ar2a_r1_teacher_taxid_row_bytes.py,cumulative_preR3_plus_T2_T5_integration,7013,b705e8f8a83ed18bcba71b17102446c1edc7f999aa97c77246f91531197f39ef,b705e8f8a83ed18bcba71b17102446c1edc7f999aa97c77246f91531197f39ef,IDENTICAL
tests/test_t6r3ar2a_same_host_merge.py,cumulative_preR3_plus_T2_T5_integration,8254,3fef3c95839b4ef1a6d1f0a936368b04f9e7bac43e08f0a2015b46c267b457f1,3fef3c95839b4ef1a6d1f0a936368b04f9e7bac43e08f0a2015b46c267b457f1,IDENTICAL
tests/test_t6r3ar2a_teacher_component_regression.py,cumulative_preR3_plus_T2_T5_integration,10271,9088b1b5f589ca0def81f33e1b5d758e1af594009d52f8c64252959b1d821755,9088b1b5f589ca0def81f33e1b5d758e1af594009d52f8c64252959b1d821755,IDENTICAL
tests/test_t6r3ar2a_three_path_node_output.py,cumulative_preR3_plus_T2_T5_integration,33649,f5f9af8e75f4d1a9ec720d2b6d753872ca8cd2fdbe70835946cd3b05fe50efee,f5f9af8e75f4d1a9ec720d2b6d753872ca8cd2fdbe70835946cd3b05fe50efee,IDENTICAL
tests/test_trait_filter_node_c8.py,cumulative_preR3_plus_T2_T5_integration,4707,8939f980e7579fc66a6db0487cfb2cc2e0780ffa550296e3ed077c00998a8b94,8939f980e7579fc66a6db0487cfb2cc2e0780ffa550296e3ed077c00998a8b94,IDENTICAL
