group,test_name,identifier,status,line_number,raw_line
G1,test_no_legacy_or_compat_copies,tests.test_t6r3a_g2_unique_predicted_reaction.TestG2UniquePredictedReaction.test_no_legacy_or_compat_copies,ok,1,test_no_legacy_or_compat_copies (tests.test_t6r3a_g2_unique_predicted_reaction.TestG2UniquePredictedReaction.test_no_legacy_or_compat_copies) ... ok
G1,test_single_definition_across_repo,tests.test_t6r3a_g2_unique_predicted_reaction.TestG2UniquePredictedReaction.test_single_definition_across_repo,ok,2,test_single_definition_across_repo (tests.test_t6r3a_g2_unique_predicted_reaction.TestG2UniquePredictedReaction.test_single_definition_across_repo) ... ok
G1,test_v32_construction_ok_and_rank_depth_guarded,tests.test_t6r3a_g2_unique_predicted_reaction.TestG2UniquePredictedReaction.test_v32_construction_ok_and_rank_depth_guarded,ok,3,test_v32_construction_ok_and_rank_depth_guarded (tests.test_t6r3a_g2_unique_predicted_reaction.TestG2UniquePredictedReaction.test_v32_construction_ok_and_rank_depth_guarded) ... ok
G1,test_v32_fields_present_and_banned_fields_absent,tests.test_t6r3a_g2_unique_predicted_reaction.TestG2UniquePredictedReaction.test_v32_fields_present_and_banned_fields_absent,ok,4,test_v32_fields_present_and_banned_fields_absent (tests.test_t6r3a_g2_unique_predicted_reaction.TestG2UniquePredictedReaction.test_v32_fields_present_and_banned_fields_absent) ... ok
G1,test_no_8001_literal_in_src_and_config,tests.test_t6r3a_g3_no_8001_dependency.TestG3No8001Dependency.test_no_8001_literal_in_src_and_config,ok,5,test_no_8001_literal_in_src_and_config (tests.test_t6r3a_g3_no_8001_dependency.TestG3No8001Dependency.test_no_8001_literal_in_src_and_config) ... ok
G1,test_settings_has_no_enzyme2organism_attributes,tests.test_t6r3a_g3_no_8001_dependency.TestG3No8001Dependency.test_settings_has_no_enzyme2organism_attributes,ok,6,test_settings_has_no_enzyme2organism_attributes (tests.test_t6r3a_g3_no_8001_dependency.TestG3No8001Dependency.test_settings_has_no_enzyme2organism_attributes) ... ok
G1,test_frozen_tuple,tests.test_t6r3a_g4_host_literal_enum.TestG4HostLiteralEnum.test_frozen_tuple,ok,7,test_frozen_tuple (tests.test_t6r3a_g4_host_literal_enum.TestG4HostLiteralEnum.test_frozen_tuple) ... ok
G1,test_illegal_values_raise,tests.test_t6r3a_g4_host_literal_enum.TestG4HostLiteralEnum.test_illegal_values_raise,ok,8,test_illegal_values_raise (tests.test_t6r3a_g4_host_literal_enum.TestG4HostLiteralEnum.test_illegal_values_raise) ... ok
G1,test_legal_values_pass_through,tests.test_t6r3a_g4_host_literal_enum.TestG4HostLiteralEnum.test_legal_values_pass_through,ok,9,test_legal_values_pass_through (tests.test_t6r3a_g4_host_literal_enum.TestG4HostLiteralEnum.test_legal_values_pass_through) ... ok
G1,test_frozen_s1_s2_sha_recompute,tests.test_t6r3a_g5_pair_contract.TestG5PairContract.test_frozen_s1_s2_sha_recompute,ok,10,test_frozen_s1_s2_sha_recompute (tests.test_t6r3a_g5_pair_contract.TestG5PairContract.test_frozen_s1_s2_sha_recompute) ... ok
G1,test_mismatch_rejected,tests.test_t6r3a_g5_pair_contract.TestG5PairContract.test_mismatch_rejected,ok,11,test_mismatch_rejected (tests.test_t6r3a_g5_pair_contract.TestG5PairContract.test_mismatch_rejected) ... ok
G1,test_missing_sha_rejected,tests.test_t6r3a_g5_pair_contract.TestG5PairContract.test_missing_sha_rejected,ok,12,test_missing_sha_rejected (tests.test_t6r3a_g5_pair_contract.TestG5PairContract.test_missing_sha_rejected) ... ok
G1,test_missing_smiles_rejected,tests.test_t6r3a_g5_pair_contract.TestG5PairContract.test_missing_smiles_rejected,ok,13,test_missing_smiles_rejected (tests.test_t6r3a_g5_pair_contract.TestG5PairContract.test_missing_smiles_rejected) ... ok
G1,test_mock_retrieve_pairs_every_row,tests.test_t6r3a_g5_pair_contract.TestG5PairContract.test_mock_retrieve_pairs_every_row,ok,14,test_mock_retrieve_pairs_every_row (tests.test_t6r3a_g5_pair_contract.TestG5PairContract.test_mock_retrieve_pairs_every_row) ... [DRY_RUN] reaction_retriever 返回 mock 候选反应，不构成任何相似性证据
G1,test_non_lowercase_64hex_rejected,tests.test_t6r3a_g5_pair_contract.TestG5PairContract.test_non_lowercase_64hex_rejected,ok,16,test_non_lowercase_64hex_rejected (tests.test_t6r3a_g5_pair_contract.TestG5PairContract.test_non_lowercase_64hex_rejected) ... ok
G1,test_paired_construction_ok,tests.test_t6r3a_g5_pair_contract.TestG5PairContract.test_paired_construction_ok,ok,17,test_paired_construction_ok (tests.test_t6r3a_g5_pair_contract.TestG5PairContract.test_paired_construction_ok) ... ok
G2,test_no_legacy_or_compat_copies,tests.test_t6r3a_g2_unique_predicted_reaction.TestG2UniquePredictedReaction.test_no_legacy_or_compat_copies,ok,1,test_no_legacy_or_compat_copies (tests.test_t6r3a_g2_unique_predicted_reaction.TestG2UniquePredictedReaction.test_no_legacy_or_compat_copies) ... ok
G2,test_single_definition_across_repo,tests.test_t6r3a_g2_unique_predicted_reaction.TestG2UniquePredictedReaction.test_single_definition_across_repo,ok,2,test_single_definition_across_repo (tests.test_t6r3a_g2_unique_predicted_reaction.TestG2UniquePredictedReaction.test_single_definition_across_repo) ... ok
G2,test_v32_construction_ok_and_rank_depth_guarded,tests.test_t6r3a_g2_unique_predicted_reaction.TestG2UniquePredictedReaction.test_v32_construction_ok_and_rank_depth_guarded,ok,3,test_v32_construction_ok_and_rank_depth_guarded (tests.test_t6r3a_g2_unique_predicted_reaction.TestG2UniquePredictedReaction.test_v32_construction_ok_and_rank_depth_guarded) ... ok
G2,test_v32_fields_present_and_banned_fields_absent,tests.test_t6r3a_g2_unique_predicted_reaction.TestG2UniquePredictedReaction.test_v32_fields_present_and_banned_fields_absent,ok,4,test_v32_fields_present_and_banned_fields_absent (tests.test_t6r3a_g2_unique_predicted_reaction.TestG2UniquePredictedReaction.test_v32_fields_present_and_banned_fields_absent) ... ok
G2,test_no_8001_literal_in_src_and_config,tests.test_t6r3a_g3_no_8001_dependency.TestG3No8001Dependency.test_no_8001_literal_in_src_and_config,ok,5,test_no_8001_literal_in_src_and_config (tests.test_t6r3a_g3_no_8001_dependency.TestG3No8001Dependency.test_no_8001_literal_in_src_and_config) ... ok
G2,test_settings_has_no_enzyme2organism_attributes,tests.test_t6r3a_g3_no_8001_dependency.TestG3No8001Dependency.test_settings_has_no_enzyme2organism_attributes,ok,6,test_settings_has_no_enzyme2organism_attributes (tests.test_t6r3a_g3_no_8001_dependency.TestG3No8001Dependency.test_settings_has_no_enzyme2organism_attributes) ... ok
G2,test_frozen_tuple,tests.test_t6r3a_g4_host_literal_enum.TestG4HostLiteralEnum.test_frozen_tuple,ok,7,test_frozen_tuple (tests.test_t6r3a_g4_host_literal_enum.TestG4HostLiteralEnum.test_frozen_tuple) ... ok
G2,test_illegal_values_raise,tests.test_t6r3a_g4_host_literal_enum.TestG4HostLiteralEnum.test_illegal_values_raise,ok,8,test_illegal_values_raise (tests.test_t6r3a_g4_host_literal_enum.TestG4HostLiteralEnum.test_illegal_values_raise) ... ok
G2,test_legal_values_pass_through,tests.test_t6r3a_g4_host_literal_enum.TestG4HostLiteralEnum.test_legal_values_pass_through,ok,9,test_legal_values_pass_through (tests.test_t6r3a_g4_host_literal_enum.TestG4HostLiteralEnum.test_legal_values_pass_through) ... ok
G2,test_frozen_s1_s2_sha_recompute,tests.test_t6r3a_g5_pair_contract.TestG5PairContract.test_frozen_s1_s2_sha_recompute,ok,10,test_frozen_s1_s2_sha_recompute (tests.test_t6r3a_g5_pair_contract.TestG5PairContract.test_frozen_s1_s2_sha_recompute) ... ok
G2,test_mismatch_rejected,tests.test_t6r3a_g5_pair_contract.TestG5PairContract.test_mismatch_rejected,ok,11,test_mismatch_rejected (tests.test_t6r3a_g5_pair_contract.TestG5PairContract.test_mismatch_rejected) ... ok
G2,test_missing_sha_rejected,tests.test_t6r3a_g5_pair_contract.TestG5PairContract.test_missing_sha_rejected,ok,12,test_missing_sha_rejected (tests.test_t6r3a_g5_pair_contract.TestG5PairContract.test_missing_sha_rejected) ... ok
G2,test_missing_smiles_rejected,tests.test_t6r3a_g5_pair_contract.TestG5PairContract.test_missing_smiles_rejected,ok,13,test_missing_smiles_rejected (tests.test_t6r3a_g5_pair_contract.TestG5PairContract.test_missing_smiles_rejected) ... ok
G2,test_mock_retrieve_pairs_every_row,tests.test_t6r3a_g5_pair_contract.TestG5PairContract.test_mock_retrieve_pairs_every_row,ok,14,test_mock_retrieve_pairs_every_row (tests.test_t6r3a_g5_pair_contract.TestG5PairContract.test_mock_retrieve_pairs_every_row) ... [DRY_RUN] reaction_retriever 返回 mock 候选反应，不构成任何相似性证据
G2,test_non_lowercase_64hex_rejected,tests.test_t6r3a_g5_pair_contract.TestG5PairContract.test_non_lowercase_64hex_rejected,ok,16,test_non_lowercase_64hex_rejected (tests.test_t6r3a_g5_pair_contract.TestG5PairContract.test_non_lowercase_64hex_rejected) ... ok
G2,test_paired_construction_ok,tests.test_t6r3a_g5_pair_contract.TestG5PairContract.test_paired_construction_ok,ok,17,test_paired_construction_ok (tests.test_t6r3a_g5_pair_contract.TestG5PairContract.test_paired_construction_ok) ... ok
G2,test_bacterial_aggregate_honest_missing_traits,tests.test_t6r3ar1_aggregation_gschema.TestV13RouteAggregationFrozenAggregator.test_bacterial_aggregate_honest_missing_traits,ok,18,test_bacterial_aggregate_honest_missing_traits (tests.test_t6r3ar1_aggregation_gschema.TestV13RouteAggregationFrozenAggregator.test_bacterial_aggregate_honest_missing_traits) ... ok
G2,test_fungal_aggregate_identity_only_redline,tests.test_t6r3ar1_aggregation_gschema.TestV13RouteAggregationFrozenAggregator.test_fungal_aggregate_identity_only_redline,ok,19,test_fungal_aggregate_identity_only_redline (tests.test_t6r3ar1_aggregation_gschema.TestV13RouteAggregationFrozenAggregator.test_fungal_aggregate_identity_only_redline) ... ok
G2,test_no_unresolved_ledger_or_unmatched_steps,tests.test_t6r3ar1_aggregation_gschema.TestV13RouteAggregationFrozenAggregator.test_no_unresolved_ledger_or_unmatched_steps,ok,20,test_no_unresolved_ledger_or_unmatched_steps (tests.test_t6r3ar1_aggregation_gschema.TestV13RouteAggregationFrozenAggregator.test_no_unresolved_ledger_or_unmatched_steps) ... ok
G2,test_route_union_3_of_3_no_double_counting,tests.test_t6r3ar1_aggregation_gschema.TestV13RouteAggregationFrozenAggregator.test_route_union_3_of_3_no_double_counting,ok,21,test_route_union_3_of_3_no_double_counting (tests.test_t6r3ar1_aggregation_gschema.TestV13RouteAggregationFrozenAggregator.test_route_union_3_of_3_no_double_counting) ... ok
G2,test_s1_s2_m3_recall_probes_not_in_route,tests.test_t6r3ar1_aggregation_gschema.TestV13RouteAggregationFrozenAggregator.test_s1_s2_m3_recall_probes_not_in_route,ok,22,test_s1_s2_m3_recall_probes_not_in_route (tests.test_t6r3ar1_aggregation_gschema.TestV13RouteAggregationFrozenAggregator.test_s1_s2_m3_recall_probes_not_in_route) ... ok
G2,test_two_host_aggregates_each_cover_3_of_3_tasks,tests.test_t6r3ar1_aggregation_gschema.TestV13RouteAggregationFrozenAggregator.test_two_host_aggregates_each_cover_3_of_3_tasks,ok,23,test_two_host_aggregates_each_cover_3_of_3_tasks (tests.test_t6r3ar1_aggregation_gschema.TestV13RouteAggregationFrozenAggregator.test_two_host_aggregates_each_cover_3_of_3_tasks) ... ok
G2,test_host_evidence_8_of_8_pass_gschema,tests.test_t6r3ar1_aggregation_gschema.TestV14GSchemaOfficialValidation.test_host_evidence_8_of_8_pass_gschema,ok,24,test_host_evidence_8_of_8_pass_gschema (tests.test_t6r3ar1_aggregation_gschema.TestV14GSchemaOfficialValidation.test_host_evidence_8_of_8_pass_gschema) ... ok
G2,test_official_negatives_15_of_15_rejected,tests.test_t6r3ar1_aggregation_gschema.TestV14GSchemaOfficialValidation.test_official_negatives_15_of_15_rejected,ok,25,test_official_negatives_15_of_15_rejected (tests.test_t6r3ar1_aggregation_gschema.TestV14GSchemaOfficialValidation.test_official_negatives_15_of_15_rejected) ... ok
G2,test_official_valid_example_baseline_zero_errors,tests.test_t6r3ar1_aggregation_gschema.TestV14GSchemaOfficialValidation.test_official_valid_example_baseline_zero_errors,ok,26,test_official_valid_example_baseline_zero_errors (tests.test_t6r3ar1_aggregation_gschema.TestV14GSchemaOfficialValidation.test_official_valid_example_baseline_zero_errors) ... ok
G2,test_organism_aggregate_2_of_2_pass_gschema,tests.test_t6r3ar1_aggregation_gschema.TestV14GSchemaOfficialValidation.test_organism_aggregate_2_of_2_pass_gschema,ok,27,test_organism_aggregate_2_of_2_pass_gschema (tests.test_t6r3ar1_aggregation_gschema.TestV14GSchemaOfficialValidation.test_organism_aggregate_2_of_2_pass_gschema) ... ok
G2,test_no_reviewed_forces_unresolved,tests.test_t6r3ar1_g4_host_evidence_record_boundary.TestG4R1BuildHostEvidenceRecord.test_no_reviewed_forces_unresolved,ok,28,test_no_reviewed_forces_unresolved (tests.test_t6r3ar1_g4_host_evidence_record_boundary.TestG4R1BuildHostEvidenceRecord.test_no_reviewed_forces_unresolved) ... ok
G2,test_no_reviewed_resolved_resolution_rejected,tests.test_t6r3ar1_g4_host_evidence_record_boundary.TestG4R1BuildHostEvidenceRecord.test_no_reviewed_resolved_resolution_rejected,ok,29,test_no_reviewed_resolved_resolution_rejected (tests.test_t6r3ar1_g4_host_evidence_record_boundary.TestG4R1BuildHostEvidenceRecord.test_no_reviewed_resolved_resolution_rejected) ... ok
G2,test_no_reviewed_with_kegg_still_unresolved_no_forged_reviewed,tests.test_t6r3ar1_g4_host_evidence_record_boundary.TestG4R1BuildHostEvidenceRecord.test_no_reviewed_with_kegg_still_unresolved_no_forged_reviewed,ok,30,test_no_reviewed_with_kegg_still_unresolved_no_forged_reviewed (tests.test_t6r3ar1_g4_host_evidence_record_boundary.TestG4R1BuildHostEvidenceRecord.test_no_reviewed_with_kegg_still_unresolved_no_forged_reviewed) ... ok
G2,test_reviewed_downgrade_to_unresolved_rejected,tests.test_t6r3ar1_g4_host_evidence_record_boundary.TestG4R1BuildHostEvidenceRecord.test_reviewed_downgrade_to_unresolved_rejected,ok,31,test_reviewed_downgrade_to_unresolved_rejected (tests.test_t6r3ar1_g4_host_evidence_record_boundary.TestG4R1BuildHostEvidenceRecord.test_reviewed_downgrade_to_unresolved_rejected) ... ok
G2,test_reviewed_produces_record_with_real_fields,tests.test_t6r3ar1_g4_host_evidence_record_boundary.TestG4R1BuildHostEvidenceRecord.test_reviewed_produces_record_with_real_fields,ok,32,test_reviewed_produces_record_with_real_fields (tests.test_t6r3ar1_g4_host_evidence_record_boundary.TestG4R1BuildHostEvidenceRecord.test_reviewed_produces_record_with_real_fields) ... ok
G2,test_empty_and_duplicate_source_list_rejected,tests.test_t6r3ar1_g4_host_evidence_record_boundary.TestG4R1HostEvidenceRecordBoundary.test_empty_and_duplicate_source_list_rejected,ok,33,test_empty_and_duplicate_source_list_rejected (tests.test_t6r3ar1_g4_host_evidence_record_boundary.TestG4R1HostEvidenceRecordBoundary.test_empty_and_duplicate_source_list_rejected) ... ok
G2,test_evidence_hash_must_be_64hex_lowercase,tests.test_t6r3ar1_g4_host_evidence_record_boundary.TestG4R1HostEvidenceRecordBoundary.test_evidence_hash_must_be_64hex_lowercase,ok,34,test_evidence_hash_must_be_64hex_lowercase (tests.test_t6r3ar1_g4_host_evidence_record_boundary.TestG4R1HostEvidenceRecordBoundary.test_evidence_hash_must_be_64hex_lowercase) ... ok
G2,test_illegal_host_evidence_source_rejected,tests.test_t6r3ar1_g4_host_evidence_record_boundary.TestG4R1HostEvidenceRecordBoundary.test_illegal_host_evidence_source_rejected,ok,35,test_illegal_host_evidence_source_rejected (tests.test_t6r3ar1_g4_host_evidence_record_boundary.TestG4R1HostEvidenceRecordBoundary.test_illegal_host_evidence_source_rejected) ... ok
G2,test_illegal_host_resolution_rejected,tests.test_t6r3ar1_g4_host_evidence_record_boundary.TestG4R1HostEvidenceRecordBoundary.test_illegal_host_resolution_rejected,ok,36,test_illegal_host_resolution_rejected (tests.test_t6r3ar1_g4_host_evidence_record_boundary.TestG4R1HostEvidenceRecordBoundary.test_illegal_host_resolution_rejected) ... ok
G2,test_resolution_enum_frozen,tests.test_t6r3ar1_g4_host_evidence_record_boundary.TestG4R1HostEvidenceRecordBoundary.test_resolution_enum_frozen,ok,37,test_resolution_enum_frozen (tests.test_t6r3ar1_g4_host_evidence_record_boundary.TestG4R1HostEvidenceRecordBoundary.test_resolution_enum_frozen) ... ok
G2,test_resolved_requires_signature_taxid_name,tests.test_t6r3ar1_g4_host_evidence_record_boundary.TestG4R1HostEvidenceRecordBoundary.test_resolved_requires_signature_taxid_name,ok,38,test_resolved_requires_signature_taxid_name (tests.test_t6r3ar1_g4_host_evidence_record_boundary.TestG4R1HostEvidenceRecordBoundary.test_resolved_requires_signature_taxid_name) ... ok
G2,test_reviewed_record_accepted_with_frozen_values,tests.test_t6r3ar1_g4_host_evidence_record_boundary.TestG4R1HostEvidenceRecordBoundary.test_reviewed_record_accepted_with_frozen_values,ok,39,test_reviewed_record_accepted_with_frozen_values (tests.test_t6r3ar1_g4_host_evidence_record_boundary.TestG4R1HostEvidenceRecordBoundary.test_reviewed_record_accepted_with_frozen_values) ... ok
G2,test_reviewed_resolution_unresolved_enum_rejected,tests.test_t6r3ar1_g4_host_evidence_record_boundary.TestG4R1HostEvidenceRecordBoundary.test_reviewed_resolution_unresolved_enum_rejected,ok,40,test_reviewed_resolution_unresolved_enum_rejected (tests.test_t6r3ar1_g4_host_evidence_record_boundary.TestG4R1HostEvidenceRecordBoundary.test_reviewed_resolution_unresolved_enum_rejected) ... ok
G2,test_reviewed_resolution_with_unresolved_source_rejected,tests.test_t6r3ar1_g4_host_evidence_record_boundary.TestG4R1HostEvidenceRecordBoundary.test_reviewed_resolution_with_unresolved_source_rejected,ok,41,test_reviewed_resolution_with_unresolved_source_rejected (tests.test_t6r3ar1_g4_host_evidence_record_boundary.TestG4R1HostEvidenceRecordBoundary.test_reviewed_resolution_with_unresolved_source_rejected) ... ok
G2,test_unresolved_record_valid_when_identity_all_none,tests.test_t6r3ar1_g4_host_evidence_record_boundary.TestG4R1HostEvidenceRecordBoundary.test_unresolved_record_valid_when_identity_all_none,ok,42,test_unresolved_record_valid_when_identity_all_none (tests.test_t6r3ar1_g4_host_evidence_record_boundary.TestG4R1HostEvidenceRecordBoundary.test_unresolved_record_valid_when_identity_all_none) ... ok
G2,test_unresolved_resolution_forbids_fabricated_identity,tests.test_t6r3ar1_g4_host_evidence_record_boundary.TestG4R1HostEvidenceRecordBoundary.test_unresolved_resolution_forbids_fabricated_identity,ok,43,test_unresolved_resolution_forbids_fabricated_identity (tests.test_t6r3ar1_g4_host_evidence_record_boundary.TestG4R1HostEvidenceRecordBoundary.test_unresolved_resolution_forbids_fabricated_identity) ... ok
G2,test_unresolved_source_must_be_alone,tests.test_t6r3ar1_g4_host_evidence_record_boundary.TestG4R1HostEvidenceRecordBoundary.test_unresolved_source_must_be_alone,ok,44,test_unresolved_source_must_be_alone (tests.test_t6r3ar1_g4_host_evidence_record_boundary.TestG4R1HostEvidenceRecordBoundary.test_unresolved_source_must_be_alone) ... ok
G2,test_frozen_raw_bytes_through_real_client,tests.test_t6r3ar1_g4_host_evidence_record_boundary.TestG4R1ProductionMapperWithFrozenTransport.test_frozen_raw_bytes_through_real_client,ok,45,test_frozen_raw_bytes_through_real_client (tests.test_t6r3ar1_g4_host_evidence_record_boundary.TestG4R1ProductionMapperWithFrozenTransport.test_frozen_raw_bytes_through_real_client) ... ok
G2,test_kegg_connect_error_honest_degradation_in_map,tests.test_t6r3ar1_microbe_node_rest_wiring.TestRestFixtureFrozenTransport.test_kegg_connect_error_honest_degradation_in_map,ok,46,test_kegg_connect_error_honest_degradation_in_map (tests.test_t6r3ar1_microbe_node_rest_wiring.TestRestFixtureFrozenTransport.test_kegg_connect_error_honest_degradation_in_map) ... [microbe_recommender] frozen reviewed UID map unavailable: C8_UID_SOURCE_MAP_PATH is not configured: frozen reviewed UID map unavailable (no silent online/name-matching/TaxID-approximation fallback)
G2,test_map_enzyme_hosts_first_seen_dedup,tests.test_t6r3ar1_microbe_node_rest_wiring.TestRestFixtureFrozenTransport.test_map_enzyme_hosts_first_seen_dedup,ok,48,test_map_enzyme_hosts_first_seen_dedup (tests.test_t6r3ar1_microbe_node_rest_wiring.TestRestFixtureFrozenTransport.test_map_enzyme_hosts_first_seen_dedup) ... ok
G2,test_reviewed_hit_through_real_client,tests.test_t6r3ar1_microbe_node_rest_wiring.TestRestFixtureFrozenTransport.test_reviewed_hit_through_real_client,ok,49,test_reviewed_hit_through_real_client (tests.test_t6r3ar1_microbe_node_rest_wiring.TestRestFixtureFrozenTransport.test_reviewed_hit_through_real_client) ... ok
G2,test_unreviewed_entrytype_rejected_with_source_error,tests.test_t6r3ar1_microbe_node_rest_wiring.TestRestFixtureFrozenTransport.test_unreviewed_entrytype_rejected_with_source_error,ok,50,test_unreviewed_entrytype_rejected_with_source_error (tests.test_t6r3ar1_microbe_node_rest_wiring.TestRestFixtureFrozenTransport.test_unreviewed_entrytype_rejected_with_source_error) ... ok
G2,test_microbe_node_imports_direct_rest_client,tests.test_t6r3ar1_microbe_node_rest_wiring.TestV11MicrobeNodeDirectRestWiring.test_microbe_node_imports_direct_rest_client,ok,51,test_microbe_node_imports_direct_rest_client (tests.test_t6r3ar1_microbe_node_rest_wiring.TestV11MicrobeNodeDirectRestWiring.test_microbe_node_imports_direct_rest_client) ... ok
G2,test_no_8001_in_microbe_chain_sources,tests.test_t6r3ar1_microbe_node_rest_wiring.TestV11MicrobeNodeDirectRestWiring.test_no_8001_in_microbe_chain_sources,ok,52,test_no_8001_in_microbe_chain_sources (tests.test_t6r3ar1_microbe_node_rest_wiring.TestV11MicrobeNodeDirectRestWiring.test_no_8001_in_microbe_chain_sources) ... ok
G3,test_no_legacy_or_compat_copies,__main__.TestG2UniquePredictedReaction.test_no_legacy_or_compat_copies,ok,1,test_no_legacy_or_compat_copies (__main__.TestG2UniquePredictedReaction.test_no_legacy_or_compat_copies) ... ok
G3,test_single_definition_across_repo,__main__.TestG2UniquePredictedReaction.test_single_definition_across_repo,ok,2,test_single_definition_across_repo (__main__.TestG2UniquePredictedReaction.test_single_definition_across_repo) ... ok
G3,test_v32_construction_ok_and_rank_depth_guarded,__main__.TestG2UniquePredictedReaction.test_v32_construction_ok_and_rank_depth_guarded,ok,3,test_v32_construction_ok_and_rank_depth_guarded (__main__.TestG2UniquePredictedReaction.test_v32_construction_ok_and_rank_depth_guarded) ... ok
G3,test_v32_fields_present_and_banned_fields_absent,__main__.TestG2UniquePredictedReaction.test_v32_fields_present_and_banned_fields_absent,ok,4,test_v32_fields_present_and_banned_fields_absent (__main__.TestG2UniquePredictedReaction.test_v32_fields_present_and_banned_fields_absent) ... ok
G4,test_frozen_s1_s2_sha_recompute,__main__.TestG5PairContract.test_frozen_s1_s2_sha_recompute,ok,1,test_frozen_s1_s2_sha_recompute (__main__.TestG5PairContract.test_frozen_s1_s2_sha_recompute) ... ok
G4,test_mismatch_rejected,__main__.TestG5PairContract.test_mismatch_rejected,ok,2,test_mismatch_rejected (__main__.TestG5PairContract.test_mismatch_rejected) ... ok
G4,test_missing_sha_rejected,__main__.TestG5PairContract.test_missing_sha_rejected,ok,3,test_missing_sha_rejected (__main__.TestG5PairContract.test_missing_sha_rejected) ... ok
G4,test_missing_smiles_rejected,__main__.TestG5PairContract.test_missing_smiles_rejected,ok,4,test_missing_smiles_rejected (__main__.TestG5PairContract.test_missing_smiles_rejected) ... ok
G4,test_mock_retrieve_pairs_every_row,__main__.TestG5PairContract.test_mock_retrieve_pairs_every_row,ok,5,test_mock_retrieve_pairs_every_row (__main__.TestG5PairContract.test_mock_retrieve_pairs_every_row) ... [DRY_RUN] reaction_retriever 返回 mock 候选反应，不构成任何相似性证据
G4,test_non_lowercase_64hex_rejected,__main__.TestG5PairContract.test_non_lowercase_64hex_rejected,ok,7,test_non_lowercase_64hex_rejected (__main__.TestG5PairContract.test_non_lowercase_64hex_rejected) ... ok
G4,test_paired_construction_ok,__main__.TestG5PairContract.test_paired_construction_ok,ok,8,test_paired_construction_ok (__main__.TestG5PairContract.test_paired_construction_ok) ... ok
G5,h01_mapped_sources_enum_unique_nonempty,G5:1,PASS,1,PASS h01_mapped_sources_enum_unique_nonempty
G5,h02_not_mapped_unresolved,G5:2,PASS,2,PASS h02_not_mapped_unresolved
G5,h03_uid_table_name_rejected,G5:3,PASS,3,PASS h03_uid_table_name_rejected
G5,h04_empty_array_rejected,G5:4,PASS,4,PASS h04_empty_array_rejected
G5,h05_unknown_enum_rejected,G5:5,PASS,5,PASS h05_unknown_enum_rejected
G5,h06_no_reviewed_no_uniprot_reviewed,G5:6,PASS,6,PASS h06_no_reviewed_no_uniprot_reviewed
G5,s01_resolution_lookup_preview_rejected,G5:7,PASS,7,PASS s01_resolution_lookup_preview_rejected
G5,s02_resolution_unnappable_rejected,G5:8,PASS,8,PASS s02_resolution_unnappable_rejected
G5,s03_string_warning_rejected,G5:9,PASS,9,PASS s03_string_warning_rejected
G5,s04_f5_predicted_rejected,G5:10,PASS,10,PASS s04_f5_predicted_rejected
G5,s05_fungi_observed_rejected,G5:11,PASS,11,PASS s05_fungi_observed_rejected
G5,s06_ranking_true_rejected,G5:12,PASS,12,PASS s06_ranking_true_rejected
G5,s07_missing_trait_rejected,G5:13,PASS,13,PASS s07_missing_trait_rejected
G5,t01_all_17_mapped_16_main_sources,G5:14,PASS,14,PASS t01_all_17_mapped_16_main_sources
G5,t02_each_source_15_traits_f_order,G5:15,PASS,15,PASS t02_each_source_15_traits_f_order
G5,t03_some_observed_some_missing,G5:16,PASS,16,PASS t03_some_observed_some_missing
G5,t04_fungi_identity_only_if_present,G5:17,PASS,17,PASS t04_fungi_identity_only_if_present
G5,t05_f5_f8_f15_red_lines,G5:18,PASS,18,PASS t05_f5_f8_f15_red_lines
G5,t06_predicted_candidate_warning_only,G5:19,PASS,19,PASS t06_predicted_candidate_warning_only
G5,t07_not_mapped_explicit_unresolved,G5:20,PASS,20,PASS t07_not_mapped_explicit_unresolved
G5,t08_duplicate_uid_dedup,G5:21,PASS,21,PASS t08_duplicate_uid_dedup
G5,t09_missing_asset_fail_closed,G5:22,PASS,22,PASS t09_missing_asset_fail_closed
G5,t10_node_preserves_candidate_order,G5:23,PASS,23,PASS t10_node_preserves_candidate_order
G5,t11_no_candidates_none_semantics,G5:24,PASS,24,PASS t11_no_candidates_none_semantics
G5,t12_no_forbidden_score_fields,G5:25,PASS,25,PASS t12_no_forbidden_score_fields
G5,t13_deterministic,G5:26,PASS,26,PASS t13_deterministic
G5,t14_gschema_shape,G5:27,PASS,27,PASS t14_gschema_shape
G5,t15_zero_network_calls,G5:28,PASS,28,PASS t15_zero_network_calls
G5,t16_uid_sha_fail_closed,G5:29,PASS,29,PASS t16_uid_sha_fail_closed
G5,t17_lookup_sha_fail_closed,G5:30,PASS,30,PASS t17_lookup_sha_fail_closed
G5,t18_semicolon_only_parsing,G5:31,PASS,31,PASS t18_semicolon_only_parsing
G5,t19_resolution_rules,G5:32,PASS,32,PASS t19_resolution_rules
G6,c01_real_t1_single_step_regression,G6:1,PASS,1,PASS c01_real_t1_single_step_regression
G6,c02_two_steps_same_source_covered2,G6:2,PASS,2,PASS c02_two_steps_same_source_covered2
G6,c03_only_one_step_covered,G6:3,PASS,3,PASS c03_only_one_step_covered
G6,c04_same_name_different_source_not_merged,G6:4,PASS,4,PASS c04_same_name_different_source_not_merged
G6,c05_same_taxid_different_resolution_not_merged,G6:5,PASS,5,PASS c05_same_taxid_different_resolution_not_merged
G6,c06_enzyme_not_shared_across_steps,G6:6,PASS,6,PASS c06_enzyme_not_shared_across_steps
G6,c07_supported_task_order_matches_route,G6:7,PASS,7,PASS c07_supported_task_order_matches_route
G6,c08_duplicate_step_uid_deterministic_dedup,G6:8,PASS,8,PASS c08_duplicate_step_uid_deterministic_dedup
G6,c09_observed_over_missing_pair_and_conflict,G6:9,PASS,9,PASS c09_observed_over_missing_pair_and_conflict
G6,c10_fungi_keep_identity_only,G6:10,PASS,10,PASS c10_fungi_keep_identity_only
G6,c11_f1_f15_complete,G6:11,PASS,11,PASS c11_f1_f15_complete
G6,c12_sorting_keys_exact,G6:12,PASS,12,PASS c12_sorting_keys_exact
G6,c13_empty_unknown_duplicate_task_fail_closed,G6:13,PASS,13,PASS c13_empty_unknown_duplicate_task_fail_closed
G6,c14_output_schema_202012,G6:14,PASS,14,PASS c14_output_schema_202012
G6,c15_no_score_hard_filter_llm,G6:15,PASS,15,PASS c15_no_score_hard_filter_llm
G6,g01_fungal_all_observed_fail_closed,G6:16,PASS,16,PASS g01_fungal_all_observed_fail_closed
G6,g02_fungal_all_predicted_fail_closed,G6:17,PASS,17,PASS g02_fungal_all_predicted_fail_closed
G6,g03_fungal_identity_plus_observed_mixed_fail_closed,G6:18,PASS,18,PASS g03_fungal_identity_plus_observed_mixed_fail_closed
G6,g04_fungal_identity_nonnull_value_fail_closed,G6:19,PASS,19,PASS g04_fungal_identity_nonnull_value_fail_closed
G6,g05_fungal_identity_species_resolution_fail_closed,G6:20,PASS,20,PASS g05_fungal_identity_species_resolution_fail_closed
G6,g06_fungal_identity_normal_output_preserved,G6:21,PASS,21,PASS g06_fungal_identity_normal_output_preserved
G6,g07_three_missing_six_permutations_stable,G6:22,PASS,22,PASS g07_three_missing_six_permutations_stable
G6,g08_three_conflicts_six_permutations_stable,G6:23,PASS,23,PASS g08_three_conflicts_six_permutations_stable
G6,n01_cross_step_enzyme_borrow_rejected,G6:24,PASS,24,PASS n01_cross_step_enzyme_borrow_rejected
G6,n02_name_only_merge_rejected,G6:25,PASS,25,PASS n02_name_only_merge_rejected
G6,n03_resolution_merge_rejected,G6:26,PASS,26,PASS n03_resolution_merge_rejected
G6,n04_f15_ranking_rejected,G6:27,PASS,27,PASS n04_f15_ranking_rejected
G6,n05_fungi_upgrade_rejected,G6:28,PASS,28,PASS n05_fungi_upgrade_rejected
G6,n06_observed_conflict_preserved_not_swallowed,G6:29,PASS,29,PASS n06_observed_conflict_preserved_not_swallowed
G6,n07_unknown_task_rejected,G6:30,PASS,30,PASS n07_unknown_task_rejected
G6,r01_same_step_three_uids_all_kept,G6:31,PASS,31,PASS r01_same_step_three_uids_all_kept
G6,r02_duplicate_task_uid_best_rank_only,G6:32,PASS,32,PASS r02_duplicate_task_uid_best_rank_only
G6,r03_trait_source_uids_in_supporting,G6:33,PASS,33,PASS r03_trait_source_uids_in_supporting
G6,r04_route_order_rank_counterexample,G6:34,PASS,34,PASS r04_route_order_rank_counterexample
G6,r05_missing_predicted_order_consistent,G6:35,PASS,35,PASS r05_missing_predicted_order_consistent
G6,r06_observed_missing_predicted_all_permutations,G6:36,PASS,36,PASS r06_observed_missing_predicted_all_permutations
G6,r07_three_distinct_observed_conflict_full_provenance,G6:37,PASS,37,PASS r07_three_distinct_observed_conflict_full_provenance
G6,r08_nonfungi_identity_mixed_gate,G6:38,PASS,38,PASS r08_nonfungi_identity_mixed_gate
G6,r09_supporting_task_membership,G6:39,PASS,39,PASS r09_supporting_task_membership
G6,r10_output_schema_202012,G6:40,PASS,40,PASS r10_output_schema_202012
G6,r11_f5_predicted_fail_closed,G6:41,PASS,41,PASS r11_f5_predicted_fail_closed
G6,t1_three_single_step_routes,G6:42,PASS,42,PASS t1_three_single_step_routes
G7,n1_annotations_and_records_consistent,G7:1,PASS,1,PASS n1_annotations_and_records_consistent
G7,n2_fail_closed_on_bad_asset,G7:2,PASS,2,PASS n2_fail_closed_on_bad_asset
G7,n3_candidates_unchanged,G7:3,PASS,3,PASS n3_candidates_unchanged
G7,n4_empty_candidates_none,G7:4,PASS,4,PASS n4_empty_candidates_none
G7,n5_evidence_action_and_counts,G7:5,PASS,5,PASS n5_evidence_action_and_counts
G7,n6_no_sort_or_rerank_in_output,G7:6,PASS,6,PASS n6_no_sort_or_rerank_in_output
G8,v32_record_rank_1,evidence_hash=f857f86498bc605e70380b52fefbf4486e68b776293e4cf4f307ed18554eecf0,PASS,1,"{""depth"": 1, ""evidence_hash"": ""f857f86498bc605e70380b52fefbf4486e68b776293e4cf4f307ed18554eecf0"", ""model_version"": ""depending_bbd_v3.2"", ""parent_node_depth"": 0, ""parent_node_smiles"": ""c1ccc2[nH]nnc2c1"", ""prediction_rank"": 1, ""prediction_score"": {""is_calibrated_probability"": false, ""raw_score"": 0.002127, ""score_semantics"": ""ns_score_max_per_source_probability_over_3""}, ""provenance"": ""fresh_three_engine_generation_depth_aware"", ""reaction_smiles"": ""c1ccc2[nH]nnc2c1>>Nc1ccccc1C(=O)[O-]"", ""source_record_id"": ""c1ccc2[nH]nnc2c1|Nc1ccccc1C(=O)[O-]"", ""source_tag"": ""retrieval"", ""source_tool"": ""depending_bbd_v3.2"", ""warnings"": []}"
G8,v32_record_rank_2,evidence_hash=ecab7d256e7394c1873637c13e8d613b873ed14c7dea0330cd97d8ccbcecc7da,PASS,2,"{""depth"": 1, ""evidence_hash"": ""ecab7d256e7394c1873637c13e8d613b873ed14c7dea0330cd97d8ccbcecc7da"", ""model_version"": ""depending_bbd_v3.2"", ""parent_node_depth"": 0, ""parent_node_smiles"": ""c1ccc2[nH]nnc2c1"", ""prediction_rank"": 2, ""prediction_score"": {""is_calibrated_probability"": false, ""raw_score"": 0.002028, ""score_semantics"": ""ns_score_max_per_source_probability_over_3""}, ""provenance"": ""fresh_three_engine_generation_depth_aware"", ""reaction_smiles"": ""c1ccc2[nH]nnc2c1>>c1ccc2ncccc2c1"", ""source_record_id"": ""c1ccc2[nH]nnc2c1|c1ccc2ncccc2c1"", ""source_tag"": ""retrieval"", ""source_tool"": ""depending_bbd_v3.2"", ""warnings"": []}"
G8,v32_record_rank_3,evidence_hash=9c3fe03606eeb3df66beb6b414e1b41582abde49ec11ccbb5b92136393942a99,PASS,3,"{""depth"": 1, ""evidence_hash"": ""9c3fe03606eeb3df66beb6b414e1b41582abde49ec11ccbb5b92136393942a99"", ""model_version"": ""depending_bbd_v3.2"", ""parent_node_depth"": 0, ""parent_node_smiles"": ""c1ccc2[nH]nnc2c1"", ""prediction_rank"": 3, ""prediction_score"": {""is_calibrated_probability"": false, ""raw_score"": 0.001933, ""score_semantics"": ""ns_score_max_per_source_probability_over_3""}, ""provenance"": ""fresh_three_engine_generation_depth_aware"", ""reaction_smiles"": ""c1ccc2[nH]nnc2c1>>C[NH+](C)Cc1c[nH]c2ccccc12"", ""source_record_id"": ""c1ccc2[nH]nnc2c1|C[NH+](C)Cc1c[nH]c2ccccc12"", ""source_tag"": ""retrieval"", ""source_tool"": ""depending_bbd_v3.2"", ""warnings"": []}"
G8,v32_record_rank_4,evidence_hash=0fc9564c37a77ebd9252b242ed085d79d0ce62fefa80c3bb15552b504da414d5,PASS,4,"{""depth"": 1, ""evidence_hash"": ""0fc9564c37a77ebd9252b242ed085d79d0ce62fefa80c3bb15552b504da414d5"", ""model_version"": ""depending_bbd_v3.2"", ""parent_node_depth"": 0, ""parent_node_smiles"": ""c1ccc2[nH]nnc2c1"", ""prediction_rank"": 4, ""prediction_score"": {""is_calibrated_probability"": false, ""raw_score"": 0.001933, ""score_semantics"": ""ns_score_max_per_source_probability_over_3""}, ""provenance"": ""fresh_three_engine_generation_depth_aware"", ""reaction_smiles"": ""c1ccc2[nH]nnc2c1>>C[NH2+]Cc1c[nH]c2ccccc12"", ""source_record_id"": ""c1ccc2[nH]nnc2c1|C[NH2+]Cc1c[nH]c2ccccc12"", ""source_tag"": ""retrieval"", ""source_tool"": ""depending_bbd_v3.2"", ""warnings"": []}"
G8,v32_record_rank_5,evidence_hash=a36b210bf038a7a4533673c1fae73bb9c08c64e88b957b32e03c7043ffb58a23,PASS,5,"{""depth"": 1, ""evidence_hash"": ""a36b210bf038a7a4533673c1fae73bb9c08c64e88b957b32e03c7043ffb58a23"", ""model_version"": ""depending_bbd_v3.2"", ""parent_node_depth"": 0, ""parent_node_smiles"": ""c1ccc2[nH]nnc2c1"", ""prediction_rank"": 5, ""prediction_score"": {""is_calibrated_probability"": false, ""raw_score"": 0.001887, ""score_semantics"": ""ns_score_max_per_source_probability_over_3""}, ""provenance"": ""fresh_three_engine_generation_depth_aware"", ""reaction_smiles"": ""c1ccc2[nH]nnc2c1>>Cc1cc(=O)[nH]c2ccccc12"", ""source_record_id"": ""c1ccc2[nH]nnc2c1|Cc1cc(=O)[nH]c2ccccc12"", ""source_tag"": ""retrieval"", ""source_tool"": ""depending_bbd_v3.2"", ""warnings"": []}"
G8,v32_record_rank_6,evidence_hash=03622d6703463faf45223e3df930989a332901594b916725a8d1ec412e05a2ac,PASS,6,"{""depth"": 1, ""evidence_hash"": ""03622d6703463faf45223e3df930989a332901594b916725a8d1ec412e05a2ac"", ""model_version"": ""depending_bbd_v3.2"", ""parent_node_depth"": 0, ""parent_node_smiles"": ""c1ccc2[nH]nnc2c1"", ""prediction_rank"": 6, ""prediction_score"": {""is_calibrated_probability"": false, ""raw_score"": 0.001887, ""score_semantics"": ""ns_score_max_per_source_probability_over_3""}, ""provenance"": ""fresh_three_engine_generation_depth_aware"", ""reaction_smiles"": ""c1ccc2[nH]nnc2c1>>Nc1ccccc1C(=O)CC=O"", ""source_record_id"": ""c1ccc2[nH]nnc2c1|Nc1ccccc1C(=O)CC=O"", ""source_tag"": ""retrieval"", ""source_tool"": ""depending_bbd_v3.2"", ""warnings"": []}"
G8,v32_record_rank_7,evidence_hash=4bdcb16ef349f9a1e85e09ddb8bcdad892b9d073ecf1f3049682ec8c568ca5e3,PASS,7,"{""depth"": 1, ""evidence_hash"": ""4bdcb16ef349f9a1e85e09ddb8bcdad892b9d073ecf1f3049682ec8c568ca5e3"", ""model_version"": ""depending_bbd_v3.2"", ""parent_node_depth"": 0, ""parent_node_smiles"": ""c1ccc2[nH]nnc2c1"", ""prediction_rank"": 7, ""prediction_score"": {""is_calibrated_probability"": false, ""raw_score"": 0.001887, ""score_semantics"": ""ns_score_max_per_source_probability_over_3""}, ""provenance"": ""fresh_three_engine_generation_depth_aware"", ""reaction_smiles"": ""c1ccc2[nH]nnc2c1>>O=C([O-])Cc1c[nH]c2ccccc12"", ""source_record_id"": ""c1ccc2[nH]nnc2c1|O=C([O-])Cc1c[nH]c2ccccc12"", ""source_tag"": ""retrieval"", ""source_tool"": ""depending_bbd_v3.2"", ""warnings"": []}"
G8,v32_record_rank_8,evidence_hash=660d6e63ee0d5c8a1708f7a66f1ac48721d6692d8eab87af80c298eb545ec4e5,PASS,8,"{""depth"": 1, ""evidence_hash"": ""660d6e63ee0d5c8a1708f7a66f1ac48721d6692d8eab87af80c298eb545ec4e5"", ""model_version"": ""depending_bbd_v3.2"", ""parent_node_depth"": 0, ""parent_node_smiles"": ""c1ccc2[nH]nnc2c1"", ""prediction_rank"": 8, ""prediction_score"": {""is_calibrated_probability"": false, ""raw_score"": 0.001887, ""score_semantics"": ""ns_score_max_per_source_probability_over_3""}, ""provenance"": ""fresh_three_engine_generation_depth_aware"", ""reaction_smiles"": ""c1ccc2[nH]nnc2c1>>Oc1ccc2c(n1)C=CC(O)C2O"", ""source_record_id"": ""c1ccc2[nH]nnc2c1|Oc1ccc2c(n1)C=CC(O)C2O"", ""source_tag"": ""retrieval"", ""source_tool"": ""depending_bbd_v3.2"", ""warnings"": []}"
G8,v32_record_rank_9,evidence_hash=494983ee1dc8686014a43df47e488f569be836f9f268878a4b23f46361fbcf48,PASS,9,"{""depth"": 1, ""evidence_hash"": ""494983ee1dc8686014a43df47e488f569be836f9f268878a4b23f46361fbcf48"", ""model_version"": ""depending_bbd_v3.2"", ""parent_node_depth"": 0, ""parent_node_smiles"": ""c1ccc2[nH]nnc2c1"", ""prediction_rank"": 9, ""prediction_score"": {""is_calibrated_probability"": false, ""raw_score"": 0.001887, ""score_semantics"": ""ns_score_max_per_source_probability_over_3""}, ""provenance"": ""fresh_three_engine_generation_depth_aware"", ""reaction_smiles"": ""c1ccc2[nH]nnc2c1>>Oc1ccc2cccc(O)c2n1"", ""source_record_id"": ""c1ccc2[nH]nnc2c1|Oc1ccc2cccc(O)c2n1"", ""source_tag"": ""retrieval"", ""source_tool"": ""depending_bbd_v3.2"", ""warnings"": []}"
G8,v32_record_rank_10,evidence_hash=edf85610a8d3718a32dd8169d465086394408184fcf027ddbde01aa703ef27d4,PASS,10,"{""depth"": 1, ""evidence_hash"": ""edf85610a8d3718a32dd8169d465086394408184fcf027ddbde01aa703ef27d4"", ""model_version"": ""depending_bbd_v3.2"", ""parent_node_depth"": 0, ""parent_node_smiles"": ""c1ccc2[nH]nnc2c1"", ""prediction_rank"": 10, ""prediction_score"": {""is_calibrated_probability"": false, ""raw_score"": 0.001887, ""score_semantics"": ""ns_score_max_per_source_probability_over_3""}, ""provenance"": ""fresh_three_engine_generation_depth_aware"", ""reaction_smiles"": ""c1ccc2[nH]nnc2c1>>Oc1cnc2ccccc2c1O"", ""source_record_id"": ""c1ccc2[nH]nnc2c1|Oc1cnc2ccccc2c1O"", ""source_tag"": ""retrieval"", ""source_tool"": ""depending_bbd_v3.2"", ""warnings"": []}"
