full_route_case_id,tool_id,k,intermediate_smiles,upstream_true_node,downstream_true_node,original_pred_depth,shortest_predicted_path
FR-BBD3-PARENT-c0139,biotransformer_envmicro,1,ClC1C=CC=CC1Cl,ClC1C=CC(Cl)C(Cl)C1Cl,c1ccccc1,2,ClC1C=CC(Cl)C(Cl)C1Cl->ClC1C=CC=CC1Cl->c1ccccc1
FR-BBD3-PARENT-c0286,biotransformer_envmicro,1,O=C([O-])CC(O)Cl,O=C([O-])C=CCl,O=CCC(=O)[O-],1,O=C([O-])C=CCl->O=C([O-])CC(O)Cl->O=C([O-])CCO->O=CCC(=O)[O-]
FR-BBD3-PARENT-c0286,biotransformer_envmicro,1,O=C([O-])CCO,O=C([O-])C=CCl,O=CCC(=O)[O-],2,O=C([O-])C=CCl->O=C([O-])CC(O)Cl->O=C([O-])CCO->O=CCC(=O)[O-]
FR-BBD3-PARENT-c1285,biotransformer_envmicro,1,CNC(=O)Oc1cc(O)cc(CC(C)(C)O)c1O,CNC(=O)Oc1cccc(CC(C)(C)O)c1O,CN,2,CNC(=O)Oc1cccc(CC(C)(C)O)c1O->CNC(=O)Oc1cc(O)cc(CC(C)(C)O)c1O->CN
FR-BBD3-PARENT-c1354,biotransformer_envmicro,1,OC1COCCO1,C1COCCO1,O=C1COCCO1,1,C1COCCO1->OC1COCCO1->O=C1COCCO1
FR-BBD3-CAND-c0620,biotransformer_envmicro,1,O=C([O-])CC(O)Cl,O=C([O-])C=CCl,O=CCC(=O)[O-],1,O=C([O-])C=CCl->O=C([O-])CC(O)Cl->O=C([O-])CCO->O=CCC(=O)[O-]
FR-BBD3-CAND-c0620,biotransformer_envmicro,1,O=C([O-])CCO,O=C([O-])C=CCl,O=CCC(=O)[O-],2,O=C([O-])C=CCl->O=C([O-])CC(O)Cl->O=C([O-])CCO->O=CCC(=O)[O-]
FR-BBD3-PARENT-c0139,biotransformer_envmicro,3,ClC1C=CC=CC1Cl,ClC1C=CC(Cl)C(Cl)C1Cl,c1ccccc1,2,ClC1C=CC(Cl)C(Cl)C1Cl->ClC1C=CC=CC1Cl->c1ccccc1
FR-BBD3-PARENT-c0286,biotransformer_envmicro,3,O=C([O-])CC(O)Cl,O=C([O-])C=CCl,O=CCC(=O)[O-],1,O=C([O-])C=CCl->O=C([O-])CC(O)Cl->O=C([O-])CCO->O=CCC(=O)[O-]
FR-BBD3-PARENT-c0286,biotransformer_envmicro,3,O=C([O-])CCO,O=C([O-])C=CCl,O=CCC(=O)[O-],2,O=C([O-])C=CCl->O=C([O-])CC(O)Cl->O=C([O-])CCO->O=CCC(=O)[O-]
FR-BBD3-PARENT-c0388,biotransformer_envmicro,3,O=C([O-])Cc1ccccc1C=CCC(=O)C(=O)[O-],O=C([O-])C(O)=CC=C1C(=O)Cc2ccccc21,CC(=O)C(=O)[O-],3,O=C([O-])C(O)=CC=C1C(=O)Cc2ccccc21->O=C([O-])Cc1ccccc1C=CCC(=O)C(=O)[O-]->CC(=O)C(=O)[O-]
FR-BBD3-PARENT-c0653,biotransformer_envmicro,3,O=CC=CC=C(O)C(=O)[O-],CC(=O)N(c1ccccc1)C(C)C,CC(=O)[O-],3,CC(=O)N(c1ccccc1)C(C)C->Oc1ccccc1O->O=CC=CC=C(O)C(=O)[O-]->O=C([O-])C=CC=C(O)C(=O)[O-]->O=C([O-])CCC=C(O)C(=O)[O-]->CC(=O)[O-]
FR-BBD3-PARENT-c0653,biotransformer_envmicro,3,O=C([O-])C=CC=C(O)C(=O)[O-],CC(=O)N(c1ccccc1)C(C)C,CC(=O)[O-],4,CC(=O)N(c1ccccc1)C(C)C->Oc1ccccc1O->O=CC=CC=C(O)C(=O)[O-]->O=C([O-])C=CC=C(O)C(=O)[O-]->O=C([O-])CCC=C(O)C(=O)[O-]->CC(=O)[O-]
FR-BBD3-PARENT-c0653,biotransformer_envmicro,3,O=C([O-])CCC=C(O)C(=O)[O-],CC(=O)N(c1ccccc1)C(C)C,CC(=O)[O-],5,CC(=O)N(c1ccccc1)C(C)C->Oc1ccccc1O->O=CC=CC=C(O)C(=O)[O-]->O=C([O-])C=CC=C(O)C(=O)[O-]->O=C([O-])CCC=C(O)C(=O)[O-]->CC(=O)[O-]
FR-BBD3-PARENT-c0653,biotransformer_envmicro,3,CCNc1ncnc(N)n1,CC(C)Nc1ccccc1,Oc1ccccc1O,4,CC(C)Nc1ccccc1->CC(C)=O->CCNc1ncnc(N)n1->Nc1ncnc(N)n1->c1ccccc1->Oc1ccccc1O
FR-BBD3-PARENT-c0653,biotransformer_envmicro,3,Nc1ncnc(N)n1,CC(C)Nc1ccccc1,Oc1ccccc1O,5,CC(C)Nc1ccccc1->CC(C)=O->CCNc1ncnc(N)n1->Nc1ncnc(N)n1->c1ccccc1->Oc1ccccc1O
FR-BBD3-PARENT-c0653,biotransformer_envmicro,3,c1ccccc1,CC(C)Nc1ccccc1,Oc1ccccc1O,6,CC(C)Nc1ccccc1->CC(C)=O->CCNc1ncnc(N)n1->Nc1ncnc(N)n1->c1ccccc1->Oc1ccccc1O
FR-BBD3-PARENT-c0908,biotransformer_envmicro,3,O=CO,O=CNC1CCCCC1,O=C[O-],2,O=CNC1CCCCC1->O=CO->O=S(=O)(Cc1ccccc1)Cc1ccc(O)c(O)c1->O=C[O-]
FR-BBD3-PARENT-c0908,biotransformer_envmicro,3,O=S(=O)(Cc1ccccc1)Cc1ccc(O)c(O)c1,O=CNC1CCCCC1,O=C[O-],3,O=CNC1CCCCC1->O=CO->O=S(=O)(Cc1ccccc1)Cc1ccc(O)c(O)c1->O=C[O-]
FR-BBD3-PARENT-c1354,biotransformer_envmicro,3,OC1COCCO1,C1COCCO1,O=C1COCCO1,1,C1COCCO1->OC1COCCO1->O=C1COCCO1
FR-BBD3-PARENT-c1354,biotransformer_envmicro,3,OC1OCCOC1O,C1COCCO1,OCCO,2,C1COCCO1->OC1COCCO1->OC1OCCOC1O->O=C1OCCOC1O->O=C1OCCOC1=O->O=C([O-])C(=O)OCCO->OCCO
FR-BBD3-PARENT-c1354,biotransformer_envmicro,3,O=C1OCCOC1O,C1COCCO1,OCCO,3,C1COCCO1->OC1COCCO1->OC1OCCOC1O->O=C1OCCOC1O->O=C1OCCOC1=O->O=C([O-])C(=O)OCCO->OCCO
FR-BBD3-PARENT-c1354,biotransformer_envmicro,3,O=C1OCCOC1=O,C1COCCO1,OCCO,4,C1COCCO1->OC1COCCO1->OC1OCCOC1O->O=C1OCCOC1O->O=C1OCCOC1=O->O=C([O-])C(=O)OCCO->OCCO
FR-BBD3-PARENT-c1354,biotransformer_envmicro,3,O=C([O-])C(=O)OCCO,C1COCCO1,OCCO,5,C1COCCO1->OC1COCCO1->OC1OCCOC1O->O=C1OCCOC1O->O=C1OCCOC1=O->O=C([O-])C(=O)OCCO->OCCO
FR-BBD3-PARENT-c1441,biotransformer_envmicro,3,CCc1cccc(CC)c1NC=O,CCc1cccc(CC)c1NCOC,CCc1cccc(CC)c1N,3,CCc1cccc(CC)c1NCOC->CCc1cccc(CC)c1NC=O->CCc1cccc(CC)c1N
FR-BBD3-PARENT-c1441,biotransformer_envmicro,3,CCc1cccc(CC)c1N(C=O)C(=O)CCl,CCc1cccc(CC)c1N(COC)C(=O)CCl,CCc1cccc(CC)c1NC(=O)CCl,1,CCc1cccc(CC)c1N(COC)C(=O)CCl->CCc1cccc(CC)c1N(C=O)C(=O)CCl->CCc1cccc(CC)c1NC(=O)CCl
FR-BBD3-PARENT-c1441,biotransformer_envmicro,3,CCc1cccc(CC)c1NC(=O)C=O,CCc1cccc(CC)c1NC(=O)CO,CCc1cccc(CC)c1N,4,CCc1cccc(CC)c1NC(=O)CO->CCc1cccc(CC)c1NC(=O)C=O->CCc1cccc(CC)c1NC(=O)C(=O)[O-]->CCc1cccc(CC)c1N
FR-BBD3-PARENT-c1441,biotransformer_envmicro,3,CCc1cccc(CC)c1NC(=O)C(=O)[O-],CCc1cccc(CC)c1NC(=O)CO,CCc1cccc(CC)c1N,5,CCc1cccc(CC)c1NC(=O)CO->CCc1cccc(CC)c1NC(=O)C=O->CCc1cccc(CC)c1NC(=O)C(=O)[O-]->CCc1cccc(CC)c1N
FR-BBD3-PARENT-c1457,biotransformer_envmicro,3,CCOC(=O)C(CC(=O)O)SP(=S)(OC)OC,CCOC(=O)CC(SP(=S)(OC)OC)C(=O)OCC,CO,1,CCOC(=O)CC(SP(=S)(OC)OC)C(=O)OCC->CCOC(=O)C(CC(=O)O)SP(=S)(OC)OC->COP(=S)(S)OC->CO
FR-BBD3-CAND-c0620,biotransformer_envmicro,3,O=C([O-])CC(O)Cl,O=C([O-])C=CCl,O=CCC(=O)[O-],1,O=C([O-])C=CCl->O=C([O-])CC(O)Cl->O=C([O-])CCO->O=CCC(=O)[O-]
FR-BBD3-CAND-c0620,biotransformer_envmicro,3,O=C([O-])CCO,O=C([O-])C=CCl,O=CCC(=O)[O-],2,O=C([O-])C=CCl->O=C([O-])CC(O)Cl->O=C([O-])CCO->O=CCC(=O)[O-]
FR-BBD3-PARENT-c0139,biotransformer_envmicro,5,ClC1C=CC=CC1Cl,ClC1C=CC(Cl)C(Cl)C1Cl,c1ccccc1,2,ClC1C=CC(Cl)C(Cl)C1Cl->ClC1C=CC=CC1Cl->c1ccccc1
FR-BBD3-PARENT-c0286,biotransformer_envmicro,5,O=C([O-])CC(O)Cl,O=C([O-])C=CCl,O=CCC(=O)[O-],1,O=C([O-])C=CCl->O=C([O-])CC(O)Cl->O=C([O-])CCO->O=CCC(=O)[O-]
FR-BBD3-PARENT-c0286,biotransformer_envmicro,5,O=C([O-])CCO,O=C([O-])C=CCl,O=CCC(=O)[O-],2,O=C([O-])C=CCl->O=C([O-])CC(O)Cl->O=C([O-])CCO->O=CCC(=O)[O-]
FR-BBD3-PARENT-c0388,biotransformer_envmicro,5,O=C([O-])Cc1ccccc1C=CCC(=O)C(=O)[O-],O=C([O-])C(O)=CC=C1C(=O)Cc2ccccc21,CC(=O)C(=O)[O-],3,O=C([O-])C(O)=CC=C1C(=O)Cc2ccccc21->O=C([O-])Cc1ccccc1C=CCC(=O)C(=O)[O-]->CC(=O)C(=O)[O-]
FR-BBD3-PARENT-c0388,biotransformer_envmicro,5,O=C([O-])C(=O)CC=C1C(=O)Cc2ccccc21,O=C([O-])C(O)=CC=C1C(=O)Cc2ccccc21,O=CC1C(=O)Cc2ccccc21,3,O=C([O-])C(O)=CC=C1C(=O)Cc2ccccc21->O=C([O-])C(=O)CC=C1C(=O)Cc2ccccc21->O=CC1C(=O)Cc2ccccc21
FR-BBD3-PARENT-c0626,biotransformer_envmicro,5,CC1=CCC(C(C)C)CC1,C=C(C)C1CC=C(C)CC1,CC1=CCC(C(C)(C)O)CC1,1,C=C(C)C1CC=C(C)CC1->CC1=CCC(C(C)C)CC1->CC1=CCC(C(C)(C)O)CC1
FR-BBD3-PARENT-c0653,biotransformer_envmicro,5,O=CC=CC=C(O)C(=O)[O-],CC(=O)N(c1ccccc1)C(C)C,CC(=O)[O-],2,CC(=O)N(c1ccccc1)C(C)C->Oc1ccccc1O->O=CC=CC=C(O)C(=O)[O-]->O=C([O-])C=CC=C(O)C(=O)[O-]->O=C([O-])CCC=C(O)C(=O)[O-]->CC(=O)[O-]
FR-BBD3-PARENT-c0653,biotransformer_envmicro,5,O=C([O-])C=CC=C(O)C(=O)[O-],CC(=O)N(c1ccccc1)C(C)C,CC(=O)[O-],3,CC(=O)N(c1ccccc1)C(C)C->Oc1ccccc1O->O=CC=CC=C(O)C(=O)[O-]->O=C([O-])C=CC=C(O)C(=O)[O-]->O=C([O-])CCC=C(O)C(=O)[O-]->CC(=O)[O-]
FR-BBD3-PARENT-c0653,biotransformer_envmicro,5,O=C([O-])CCC=C(O)C(=O)[O-],CC(=O)N(c1ccccc1)C(C)C,CC(=O)[O-],4,CC(=O)N(c1ccccc1)C(C)C->Oc1ccccc1O->O=CC=CC=C(O)C(=O)[O-]->O=C([O-])C=CC=C(O)C(=O)[O-]->O=C([O-])CCC=C(O)C(=O)[O-]->CC(=O)[O-]
FR-BBD3-PARENT-c0653,biotransformer_envmicro,5,CCNc1ncnc(N)n1,CC(C)Nc1ccccc1,Oc1ccccc1O,4,CC(C)Nc1ccccc1->CC(C)=O->CCNc1ncnc(N)n1->Nc1ncnc(N)n1->c1ccccc1->Oc1ccccc1O
FR-BBD3-PARENT-c0653,biotransformer_envmicro,5,Nc1ncnc(N)n1,CC(C)Nc1ccccc1,Oc1ccccc1O,5,CC(C)Nc1ccccc1->CC(C)=O->CCNc1ncnc(N)n1->Nc1ncnc(N)n1->c1ccccc1->Oc1ccccc1O
FR-BBD3-PARENT-c0653,biotransformer_envmicro,5,c1ccccc1,CC(C)Nc1ccccc1,Oc1ccccc1O,6,CC(C)Nc1ccccc1->CC(C)=O->CCNc1ncnc(N)n1->Nc1ncnc(N)n1->c1ccccc1->Oc1ccccc1O
FR-BBD3-PARENT-c0908,biotransformer_envmicro,5,O=CO,O=CNC1CCCCC1,O=C[O-],2,O=CNC1CCCCC1->O=CO->O=S(=O)(Cc1ccccc1)Cc1ccc(O)c(O)c1->O=C[O-]
FR-BBD3-PARENT-c0908,biotransformer_envmicro,5,O=S(=O)(Cc1ccccc1)Cc1ccc(O)c(O)c1,O=CNC1CCCCC1,O=C[O-],3,O=CNC1CCCCC1->O=CO->O=S(=O)(Cc1ccccc1)Cc1ccc(O)c(O)c1->O=C[O-]
FR-BBD3-PARENT-c1354,biotransformer_envmicro,5,OC1COCCO1,C1COCCO1,O=C1COCCO1,1,C1COCCO1->OC1COCCO1->O=C1COCCO1
FR-BBD3-PARENT-c1354,biotransformer_envmicro,5,OC1OCCOC1O,C1COCCO1,OCCO,2,C1COCCO1->OC1COCCO1->OC1OCCOC1O->O=C1OCCOC1O->O=C1OCCOC1=O->O=C([O-])C(=O)OCCO->OCCO
FR-BBD3-PARENT-c1354,biotransformer_envmicro,5,O=C1OCCOC1O,C1COCCO1,OCCO,3,C1COCCO1->OC1COCCO1->OC1OCCOC1O->O=C1OCCOC1O->O=C1OCCOC1=O->O=C([O-])C(=O)OCCO->OCCO
FR-BBD3-PARENT-c1354,biotransformer_envmicro,5,O=C1OCCOC1=O,C1COCCO1,OCCO,4,C1COCCO1->OC1COCCO1->OC1OCCOC1O->O=C1OCCOC1O->O=C1OCCOC1=O->O=C([O-])C(=O)OCCO->OCCO
FR-BBD3-PARENT-c1354,biotransformer_envmicro,5,O=C([O-])C(=O)OCCO,C1COCCO1,OCCO,5,C1COCCO1->OC1COCCO1->OC1OCCOC1O->O=C1OCCOC1O->O=C1OCCOC1=O->O=C([O-])C(=O)OCCO->OCCO
FR-BBD3-PARENT-c1441,biotransformer_envmicro,5,CCc1cccc(CC)c1NC=O,CCc1cccc(CC)c1NCOC,CCc1cccc(CC)c1N,3,CCc1cccc(CC)c1NCOC->CCc1cccc(CC)c1NC=O->CCc1cccc(CC)c1N
FR-BBD3-PARENT-c1441,biotransformer_envmicro,5,CCc1cccc(CC)c1N(C=O)C(=O)CCl,CCc1cccc(CC)c1N(COC)C(=O)CCl,CCc1cccc(CC)c1NC(=O)CCl,1,CCc1cccc(CC)c1N(COC)C(=O)CCl->CCc1cccc(CC)c1N(C=O)C(=O)CCl->CCc1cccc(CC)c1NC(=O)CCl
FR-BBD3-PARENT-c1441,biotransformer_envmicro,5,CCc1cccc(CC)c1N(CO)C(=O)CCl,CCc1cccc(CC)c1N(COC)C(=O)CCl,O=C([O-])CCl,1,CCc1cccc(CC)c1N(COC)C(=O)CCl->CCc1cccc(CC)c1N(CO)C(=O)CCl->O=C([O-])CCl
FR-BBD3-PARENT-c1441,biotransformer_envmicro,5,CCc1cccc(CC)c1NC(=O)C=O,CCc1cccc(CC)c1NC(=O)CO,CCc1cccc(CC)c1N,4,CCc1cccc(CC)c1NC(=O)CO->CCc1cccc(CC)c1NC(=O)C=O->CCc1cccc(CC)c1NC(=O)C(=O)[O-]->CCc1cccc(CC)c1N
FR-BBD3-PARENT-c1441,biotransformer_envmicro,5,CCc1cccc(CC)c1NC(=O)C(=O)[O-],CCc1cccc(CC)c1NC(=O)CO,CCc1cccc(CC)c1N,5,CCc1cccc(CC)c1NC(=O)CO->CCc1cccc(CC)c1NC(=O)C=O->CCc1cccc(CC)c1NC(=O)C(=O)[O-]->CCc1cccc(CC)c1N
FR-BBD3-PARENT-c1457,biotransformer_envmicro,5,CCOC(=O)CC(=O)C(=O)OCC,CCOC(=O)CC(SP(=S)(OC)OC)C(=O)OCC,CCO,1,CCOC(=O)CC(SP(=S)(OC)OC)C(=O)OCC->CCOC(=O)CC(=O)C(=O)OCC->CCO
FR-BBD3-PARENT-c1457,biotransformer_envmicro,5,CCOC(=O)C(CC(=O)O)SP(=S)(OC)OC,CCOC(=O)CC(SP(=S)(OC)OC)C(=O)OCC,CO,1,CCOC(=O)CC(SP(=S)(OC)OC)C(=O)OCC->CCOC(=O)C(CC(=O)O)SP(=S)(OC)OC->COP(=S)(S)OC->CO
FR-BBD3-PARENT-c1457,biotransformer_envmicro,5,CCOC(=O)C(CC(=O)O)SP(=O)(OC)OC,CCOC(=O)CC(SP(=O)(OC)OC)C(=O)OCC,CO,2,CCOC(=O)CC(SP(=O)(OC)OC)C(=O)OCC->CCOC(=O)C(CC(=O)O)SP(=O)(OC)OC->COP(=O)(S)OC->COP(=O)(O)OC->CO
FR-BBD3-PARENT-c1457,biotransformer_envmicro,5,COP(=O)(S)OC,CCOC(=O)CC(SP(=O)(OC)OC)C(=O)OCC,CO,3,CCOC(=O)CC(SP(=O)(OC)OC)C(=O)OCC->CCOC(=O)C(CC(=O)O)SP(=O)(OC)OC->COP(=O)(S)OC->COP(=O)(O)OC->CO
FR-BBD3-PARENT-c1457,biotransformer_envmicro,5,COP(=O)(O)OC,CCOC(=O)CC(SP(=O)(OC)OC)C(=O)OCC,CO,3,CCOC(=O)CC(SP(=O)(OC)OC)C(=O)OCC->CCOC(=O)C(CC(=O)O)SP(=O)(OC)OC->COP(=O)(S)OC->COP(=O)(O)OC->CO
FR-BBD3-CAND-c0620,biotransformer_envmicro,5,O=C([O-])CC(O)Cl,O=C([O-])C=CCl,O=CCC(=O)[O-],1,O=C([O-])C=CCl->O=C([O-])CC(O)Cl->O=C([O-])CCO->O=CCC(=O)[O-]
FR-BBD3-CAND-c0620,biotransformer_envmicro,5,O=C([O-])CCO,O=C([O-])C=CCl,O=CCC(=O)[O-],2,O=C([O-])C=CCl->O=C([O-])CC(O)Cl->O=C([O-])CCO->O=CCC(=O)[O-]
FR-BBD3-PARENT-c0139,biotransformer_envmicro,10,ClC1C=CC=CC1Cl,ClC1C=CC(Cl)C(Cl)C1Cl,c1ccccc1,2,ClC1C=CC(Cl)C(Cl)C1Cl->ClC1C=CC=CC1Cl->c1ccccc1
FR-BBD3-PARENT-c0286,biotransformer_envmicro,10,O=C([O-])CC(O)Cl,O=C([O-])C=CCl,O=CCC(=O)[O-],1,O=C([O-])C=CCl->O=C([O-])CC(O)Cl->O=C([O-])CCO->O=CCC(=O)[O-]
FR-BBD3-PARENT-c0286,biotransformer_envmicro,10,O=C([O-])CCO,O=C([O-])C=CCl,O=CCC(=O)[O-],2,O=C([O-])C=CCl->O=C([O-])CC(O)Cl->O=C([O-])CCO->O=CCC(=O)[O-]
FR-BBD3-PARENT-c0388,biotransformer_envmicro,10,O=C([O-])Cc1ccccc1C=CCC(=O)C(=O)[O-],O=C([O-])C(O)=CC=C1C(=O)Cc2ccccc21,CC(=O)C(=O)[O-],3,O=C([O-])C(O)=CC=C1C(=O)Cc2ccccc21->O=C([O-])Cc1ccccc1C=CCC(=O)C(=O)[O-]->CC(=O)C(=O)[O-]
FR-BBD3-PARENT-c0388,biotransformer_envmicro,10,O=C([O-])C(=O)CC=C1C(=O)Cc2ccccc21,O=C([O-])C(O)=CC=C1C(=O)Cc2ccccc21,O=CC1C(=O)Cc2ccccc21,3,O=C([O-])C(O)=CC=C1C(=O)Cc2ccccc21->O=C([O-])C(=O)CC=C1C(=O)Cc2ccccc21->O=CC1C(=O)Cc2ccccc21
FR-BBD3-PARENT-c0626,biotransformer_envmicro,10,CC1=CCC(C(C)C)CC1,C=C(C)C1CC=C(C)CC1,CC1=CCC(C(C)(C)O)CC1,1,C=C(C)C1CC=C(C)CC1->CC1=CCC(C(C)C)CC1->CC1=CCC(C(C)(C)O)CC1
FR-BBD3-PARENT-c0653,biotransformer_envmicro,10,O=CC=CC=C(O)C(=O)[O-],CC(=O)N(c1ccccc1)C(C)C,CC(=O)[O-],2,CC(=O)N(c1ccccc1)C(C)C->Oc1ccccc1O->O=CC=CC=C(O)C(=O)[O-]->O=C([O-])C=CC=C(O)C(=O)[O-]->O=C([O-])CCC=C(O)C(=O)[O-]->CC(=O)[O-]
FR-BBD3-PARENT-c0653,biotransformer_envmicro,10,O=C([O-])C=CC=C(O)C(=O)[O-],CC(=O)N(c1ccccc1)C(C)C,CC(=O)[O-],3,CC(=O)N(c1ccccc1)C(C)C->Oc1ccccc1O->O=CC=CC=C(O)C(=O)[O-]->O=C([O-])C=CC=C(O)C(=O)[O-]->O=C([O-])CCC=C(O)C(=O)[O-]->CC(=O)[O-]
FR-BBD3-PARENT-c0653,biotransformer_envmicro,10,O=C([O-])CCC=C(O)C(=O)[O-],CC(=O)N(c1ccccc1)C(C)C,CC(=O)[O-],4,CC(=O)N(c1ccccc1)C(C)C->Oc1ccccc1O->O=CC=CC=C(O)C(=O)[O-]->O=C([O-])C=CC=C(O)C(=O)[O-]->O=C([O-])CCC=C(O)C(=O)[O-]->CC(=O)[O-]
FR-BBD3-PARENT-c0653,biotransformer_envmicro,10,CCNc1ncnc(N)n1,CC(C)Nc1ccccc1,Oc1ccccc1O,3,CC(C)Nc1ccccc1->CC(C)=O->CCNc1ncnc(N)n1->Nc1ncnc(N)n1->c1ccccc1->Oc1ccccc1O
FR-BBD3-PARENT-c0653,biotransformer_envmicro,10,Nc1ncnc(N)n1,CC(C)Nc1ccccc1,Oc1ccccc1O,4,CC(C)Nc1ccccc1->CC(C)=O->CCNc1ncnc(N)n1->Nc1ncnc(N)n1->c1ccccc1->Oc1ccccc1O
FR-BBD3-PARENT-c0653,biotransformer_envmicro,10,c1ccccc1,CC(C)Nc1ccccc1,Oc1ccccc1O,5,CC(C)Nc1ccccc1->CC(C)=O->CCNc1ncnc(N)n1->Nc1ncnc(N)n1->c1ccccc1->Oc1ccccc1O
FR-BBD3-PARENT-c0908,biotransformer_envmicro,10,O=CO,O=CNC1CCCCC1,O=C[O-],2,O=CNC1CCCCC1->O=CO->O=S(=O)(Cc1ccccc1)Cc1ccc(O)c(O)c1->O=C[O-]
FR-BBD3-PARENT-c0908,biotransformer_envmicro,10,O=S(=O)(Cc1ccccc1)Cc1ccc(O)c(O)c1,O=CNC1CCCCC1,O=C[O-],3,O=CNC1CCCCC1->O=CO->O=S(=O)(Cc1ccccc1)Cc1ccc(O)c(O)c1->O=C[O-]
FR-BBD3-PARENT-c1354,biotransformer_envmicro,10,OC1COCCO1,C1COCCO1,O=C1COCCO1,1,C1COCCO1->OC1COCCO1->O=C1COCCO1
FR-BBD3-PARENT-c1354,biotransformer_envmicro,10,OC1OCCOC1O,C1COCCO1,OCCO,2,C1COCCO1->OC1COCCO1->OC1OCCOC1O->O=C1OCCOC1O->O=C1OCCOC1=O->O=C([O-])C(=O)OCCO->OCCO
FR-BBD3-PARENT-c1354,biotransformer_envmicro,10,O=C1OCCOC1O,C1COCCO1,OCCO,3,C1COCCO1->OC1COCCO1->OC1OCCOC1O->O=C1OCCOC1O->O=C1OCCOC1=O->O=C([O-])C(=O)OCCO->OCCO
FR-BBD3-PARENT-c1354,biotransformer_envmicro,10,O=C1OCCOC1=O,C1COCCO1,OCCO,4,C1COCCO1->OC1COCCO1->OC1OCCOC1O->O=C1OCCOC1O->O=C1OCCOC1=O->O=C([O-])C(=O)OCCO->OCCO
FR-BBD3-PARENT-c1354,biotransformer_envmicro,10,O=C([O-])C(=O)OCCO,C1COCCO1,OCCO,5,C1COCCO1->OC1COCCO1->OC1OCCOC1O->O=C1OCCOC1O->O=C1OCCOC1=O->O=C([O-])C(=O)OCCO->OCCO
FR-BBD3-PARENT-c1441,biotransformer_envmicro,10,CCc1cccc(CC)c1NC=O,CCc1cccc(CC)c1NCOC,CCc1cccc(CC)c1N,2,CCc1cccc(CC)c1NCOC->CCc1cccc(CC)c1NC=O->CCc1cccc(CC)c1N
FR-BBD3-PARENT-c1441,biotransformer_envmicro,10,CCc1cccc(CC)c1NC(=O)C=O,CCc1cccc(CC)c1NC(=O)CO,CCc1cccc(CC)c1N,3,CCc1cccc(CC)c1NC(=O)CO->CCc1cccc(CC)c1NC(=O)C=O->CCc1cccc(CC)c1NC(=O)C(=O)[O-]->CCc1cccc(CC)c1N
FR-BBD3-PARENT-c1441,biotransformer_envmicro,10,CCc1cccc(CC)c1NC(=O)C(=O)[O-],CCc1cccc(CC)c1NC(=O)CO,CCc1cccc(CC)c1N,4,CCc1cccc(CC)c1NC(=O)CO->CCc1cccc(CC)c1NC(=O)C=O->CCc1cccc(CC)c1NC(=O)C(=O)[O-]->CCc1cccc(CC)c1N
FR-BBD3-PARENT-c1457,biotransformer_envmicro,10,CCOC(=O)CC(=O)C(=O)OCC,CCOC(=O)CC(SP(=S)(OC)OC)C(=O)OCC,CCO,1,CCOC(=O)CC(SP(=S)(OC)OC)C(=O)OCC->CCOC(=O)CC(=O)C(=O)OCC->CCO
FR-BBD3-PARENT-c1457,biotransformer_envmicro,10,CCOC(=O)C(CC(=O)O)SP(=O)(OC)OC,CCOC(=O)CC(SP(=O)(OC)OC)C(=O)OCC,CO,2,CCOC(=O)CC(SP(=O)(OC)OC)C(=O)OCC->CCOC(=O)C(CC(=O)O)SP(=O)(OC)OC->COP(=O)(S)OC->COP(=O)(O)OC->CO
FR-BBD3-PARENT-c1457,biotransformer_envmicro,10,COP(=O)(S)OC,CCOC(=O)CC(SP(=O)(OC)OC)C(=O)OCC,CO,2,CCOC(=O)CC(SP(=O)(OC)OC)C(=O)OCC->CCOC(=O)C(CC(=O)O)SP(=O)(OC)OC->COP(=O)(S)OC->COP(=O)(O)OC->CO
FR-BBD3-PARENT-c1457,biotransformer_envmicro,10,COP(=O)(O)OC,CCOC(=O)CC(SP(=O)(OC)OC)C(=O)OCC,CO,2,CCOC(=O)CC(SP(=O)(OC)OC)C(=O)OCC->CCOC(=O)C(CC(=O)O)SP(=O)(OC)OC->COP(=O)(S)OC->COP(=O)(O)OC->CO
FR-BBD3-CAND-c0620,biotransformer_envmicro,10,O=C([O-])CC(O)Cl,O=C([O-])C=CCl,O=CCC(=O)[O-],1,O=C([O-])C=CCl->O=C([O-])CC(O)Cl->O=C([O-])CCO->O=CCC(=O)[O-]
FR-BBD3-CAND-c0620,biotransformer_envmicro,10,O=C([O-])CCO,O=C([O-])C=CCl,O=CCC(=O)[O-],2,O=C([O-])C=CCl->O=C([O-])CC(O)Cl->O=C([O-])CCO->O=CCC(=O)[O-]
FR-BBD3-PARENT-c0139,envipath_prediction,1,ClC1CC(Cl)C(Cl)C(Cl)C1Cl,ClC1C(Cl)C(Cl)C(Cl)C(Cl)C1Cl,OC1C(Cl)C(Cl)C(Cl)C(Cl)C1Cl,1,ClC1C(Cl)C(Cl)C(Cl)C(Cl)C1Cl->ClC1CC(Cl)C(Cl)C(Cl)C1Cl->OC1C(Cl)C(Cl)C(Cl)C(Cl)C1Cl
FR-BBD3-PARENT-c1019,envipath_prediction,1,O=S(O)c1nc2ccccc2s1,Sc1nc2ccccc2s1,c1ccc2scnc2c1,1,Sc1nc2ccccc2s1->O=S(O)c1nc2ccccc2s1->c1ccc2scnc2c1
FR-BBD3-PARENT-c1531,envipath_prediction,1,OC1=C(O)c2cccc3cccc1c23,OC1c2cccc3cccc(c23)C1O,O=C1c2cccc3cccc(c23)C1O,2,OC1c2cccc3cccc(c23)C1O->OC1=C(O)c2cccc3cccc1c23->O=C1c2cccc3cccc(c23)C1O
FR-BBD3-PARENT-c0139,envipath_prediction,3,ClC1CC(Cl)C(Cl)C(Cl)C1Cl,ClC1C(Cl)C(Cl)C(Cl)C(Cl)C1Cl,OC1C(Cl)C(Cl)C(Cl)C(Cl)C1Cl,1,ClC1C(Cl)C(Cl)C(Cl)C(Cl)C1Cl->ClC1CC(Cl)C(Cl)C(Cl)C1Cl->OC1C(Cl)C(Cl)C(Cl)C(Cl)C1Cl
FR-BBD3-PARENT-c0612,envipath_prediction,3,CC=CCl,ClC=CCCl,OCC=CCl,1,ClC=CCCl->CC=CCl->OCC=CCl
FR-BBD3-PARENT-c1019,envipath_prediction,3,O=S(O)c1nc2ccccc2s1,Sc1nc2ccccc2s1,c1ccc2scnc2c1,1,Sc1nc2ccccc2s1->O=S(O)c1nc2ccccc2s1->c1ccc2scnc2c1
FR-BBD3-PARENT-c1285,envipath_prediction,3,CNC(=O)Oc1cccc2c1OC(C)(CO)C2,CNC(=O)Oc1cccc2c1OC(C)(C)C2,CN,1,CNC(=O)Oc1cccc2c1OC(C)(C)C2->CNC(=O)Oc1cccc2c1OC(C)(CO)C2->CN
FR-BBD3-PARENT-c1313,envipath_prediction,3,Cc1ccc([N+](=O)[O-])cc1NO,Cc1ccc([N+](=O)[O-])cc1[N+](=O)[O-],Cc1ccc([N+](=O)[O-])cc1N,1,Cc1ccc([N+](=O)[O-])cc1[N+](=O)[O-]->Cc1ccc([N+](=O)[O-])cc1NO->Cc1ccc([N+](=O)[O-])cc1N
FR-BBD3-PARENT-c1352,envipath_prediction,3,CCN(CCO)C(=O)c1cccc(C)c1,CCN(CC)C(=O)c1cccc(C)c1,CCNC(=O)c1cccc(C)c1,1,CCN(CC)C(=O)c1cccc(C)c1->CCN(CCO)C(=O)c1cccc(C)c1->CCNC(=O)c1cccc(C)c1
FR-BBD3-PARENT-c1354,envipath_prediction,3,OC1COCCO1,C1COCCO1,O=C1COCCO1,1,C1COCCO1->OC1COCCO1->O=C1COCCO1
FR-BBD3-PARENT-c1354,envipath_prediction,3,O=CCOCCO,C1COCCO1,OCCO,2,C1COCCO1->OC1COCCO1->O=CCOCCO->OCCO
FR-BBD3-PARENT-c1441,envipath_prediction,3,CO,CCc1cccc(CC)c1N(COC)C(=O)CCl,C=O,1,CCc1cccc(CC)c1N(COC)C(=O)CCl->CO->C=O
FR-BBD3-PARENT-c0139,envipath_prediction,5,ClC1CC(Cl)C(Cl)C(Cl)C1Cl,ClC1C(Cl)C(Cl)C(Cl)C(Cl)C1Cl,OC1C(Cl)C(Cl)C(Cl)C(Cl)C1Cl,1,ClC1C(Cl)C(Cl)C(Cl)C(Cl)C1Cl->ClC1CC(Cl)C(Cl)C(Cl)C1Cl->OC1C(Cl)C(Cl)C(Cl)C(Cl)C1Cl
FR-BBD3-PARENT-c0626,envipath_prediction,5,CC1=CCC(C(C)C)CC1,C=C(C)C1CC=C(C)CC1,CC1=CCC(C(C)(C)O)CC1,1,C=C(C)C1CC=C(C)CC1->CC1=CCC(C(C)C)CC1->CC1=CCC(C(C)(C)O)CC1
FR-BBD3-PARENT-c0653,envipath_prediction,5,CC(CO)N(C(=O)CCl)c1ccccc1,CC(C)N(C(=O)CCl)c1ccccc1,Oc1ccccc1O,1,CC(C)N(C(=O)CCl)c1ccccc1->CC(CO)N(C(=O)CCl)c1ccccc1->Oc1ccccc1O
FR-BBD3-PARENT-c1019,envipath_prediction,5,O=S(O)c1nc2ccccc2s1,Sc1nc2ccccc2s1,c1ccc2scnc2c1,1,Sc1nc2ccccc2s1->O=S(O)c1nc2ccccc2s1->c1ccc2scnc2c1
FR-BBD3-PARENT-c1354,envipath_prediction,5,OC1COCCO1,C1COCCO1,O=C1COCCO1,1,C1COCCO1->OC1COCCO1->O=C1COCCO1
FR-BBD3-PARENT-c1354,envipath_prediction,5,O=CCOCCO,C1COCCO1,OCCO,2,C1COCCO1->OC1COCCO1->O=CCOCCO->OCCO
FR-BBD3-PARENT-c1441,envipath_prediction,5,CO,CCc1cccc(CC)c1N(COC)C(=O)CCl,C=O,1,CCc1cccc(CC)c1N(COC)C(=O)CCl->CO->C=O
FR-BBD3-PARENT-c0139,envipath_prediction,10,ClC1CC(Cl)C(Cl)C(Cl)C1Cl,ClC1C(Cl)C(Cl)C(Cl)C(Cl)C1Cl,OC1C(Cl)C(Cl)C(Cl)C(Cl)C1Cl,1,ClC1C(Cl)C(Cl)C(Cl)C(Cl)C1Cl->ClC1CC(Cl)C(Cl)C(Cl)C1Cl->OC1C(Cl)C(Cl)C(Cl)C(Cl)C1Cl
FR-BBD3-PARENT-c0626,envipath_prediction,10,CC1=CCC(C(C)C)CC1,C=C(C)C1CC=C(C)CC1,CC1=CCC(C(C)(C)O)CC1,1,C=C(C)C1CC=C(C)CC1->CC1=CCC(C(C)C)CC1->CC1=CCC(C(C)(C)O)CC1
FR-BBD3-PARENT-c1019,envipath_prediction,10,O=S(O)c1nc2ccccc2s1,Sc1nc2ccccc2s1,c1ccc2scnc2c1,1,Sc1nc2ccccc2s1->O=S(O)c1nc2ccccc2s1->c1ccc2scnc2c1
FR-BBD3-PARENT-c1354,envipath_prediction,10,OC1COCCO1,C1COCCO1,O=C1COCCO1,1,C1COCCO1->OC1COCCO1->O=C1COCCO1
FR-BBD3-PARENT-c1354,envipath_prediction,10,O=CCOCCO,C1COCCO1,OCCO,2,C1COCCO1->OC1COCCO1->O=CCOCCO->OCCO
FR-BBD3-PARENT-c1441,envipath_prediction,10,CO,CCc1cccc(CC)c1N(COC)C(=O)CCl,C=O,1,CCc1cccc(CC)c1N(COC)C(=O)CCl->CO->C=O
FR-BBD3-PARENT-c0288,eclipse_predec,1,O=C([O-])C(O)Oc1ccc(Cl)cc1Cl,O=C([O-])COc1ccc(Cl)cc1Cl,Oc1ccc(Cl)cc1Cl,1,O=C([O-])COc1ccc(Cl)cc1Cl->O=C([O-])C(O)Oc1ccc(Cl)cc1Cl->O=C([O-])C(=O)[O-].Oc1ccc(Cl)cc1Cl->O=C([O-])C(=O)Oc1ccc(Cl)cc1Cl->Oc1ccc(Cl)cc1Cl
FR-BBD3-PARENT-c0288,eclipse_predec,1,O=C([O-])C(=O)[O-].Oc1ccc(Cl)cc1Cl,O=C([O-])COc1ccc(Cl)cc1Cl,Oc1ccc(Cl)cc1Cl,2,O=C([O-])COc1ccc(Cl)cc1Cl->O=C([O-])C(O)Oc1ccc(Cl)cc1Cl->O=C([O-])C(=O)[O-].Oc1ccc(Cl)cc1Cl->O=C([O-])C(=O)Oc1ccc(Cl)cc1Cl->Oc1ccc(Cl)cc1Cl
FR-BBD3-PARENT-c0288,eclipse_predec,1,O=C([O-])C(=O)Oc1ccc(Cl)cc1Cl,O=C([O-])COc1ccc(Cl)cc1Cl,Oc1ccc(Cl)cc1Cl,3,O=C([O-])COc1ccc(Cl)cc1Cl->O=C([O-])C(O)Oc1ccc(Cl)cc1Cl->O=C([O-])C(=O)[O-].Oc1ccc(Cl)cc1Cl->O=C([O-])C(=O)Oc1ccc(Cl)cc1Cl->Oc1ccc(Cl)cc1Cl
FR-BBD3-PARENT-c0288,eclipse_predec,3,O=C([O-])C(O)Oc1ccc(Cl)cc1Cl,O=C([O-])COc1ccc(Cl)cc1Cl,Oc1ccc(Cl)cc1Cl,1,O=C([O-])COc1ccc(Cl)cc1Cl->O=C([O-])C(O)Oc1ccc(Cl)cc1Cl->O=C([O-])C(=O)[O-].Oc1ccc(Cl)cc1Cl->Oc1ccc(Cl)cc1Cl
FR-BBD3-PARENT-c0288,eclipse_predec,3,O=C([O-])C(=O)[O-].Oc1ccc(Cl)cc1Cl,O=C([O-])COc1ccc(Cl)cc1Cl,Oc1ccc(Cl)cc1Cl,2,O=C([O-])COc1ccc(Cl)cc1Cl->O=C([O-])C(O)Oc1ccc(Cl)cc1Cl->O=C([O-])C(=O)[O-].Oc1ccc(Cl)cc1Cl->Oc1ccc(Cl)cc1Cl
FR-BBD3-PARENT-c0486,eclipse_predec,3,C=O,ClC(Cl)(Cl)Cl,O=C[O-],2,ClC(Cl)(Cl)Cl->ClCCl->C=O->O=C[O-]
FR-BBD3-PARENT-c0639,eclipse_predec,3,O=[N+]([O-])N1CNCN([N+](=O)[O-])C1,O=[N+]([O-])N1CN([N+](=O)[O-])CN([N+](=O)[O-])C1,O=[N+]([O-])N1C=NCN([N+](=O)[O-])C1,1,O=[N+]([O-])N1CN([N+](=O)[O-])CN([N+](=O)[O-])C1->O=[N+]([O-])N1CNCN([N+](=O)[O-])C1->O=[N+]([O-])N1C=NCN([N+](=O)[O-])C1
FR-BBD3-PARENT-c0765,eclipse_predec,3,Nc1ccc(Cl)cc1O,Nc1ccc(Cl)cc1,Oc1ccc(Cl)cc1O,1,Nc1ccc(Cl)cc1->Nc1ccc(Cl)cc1O->Oc1ccc(Cl)cc1O
FR-BBD3-PARENT-c0991,eclipse_predec,3,OC1c2ccccc2Cc2ccccc21,c1ccc2cc3ccccc3cc2c1,O=C1c2ccccc2C(=O)c2ccccc21,1,c1ccc2cc3ccccc3cc2c1->OC1c2ccccc2Cc2ccccc21->O=C1c2ccccc2C(O)c2ccccc21->O=C1c2ccccc2C(=O)c2ccccc21
FR-BBD3-PARENT-c0991,eclipse_predec,3,O=C1c2ccccc2C(O)c2ccccc21,c1ccc2cc3ccccc3cc2c1,O=C1c2ccccc2C(=O)c2ccccc21,2,c1ccc2cc3ccccc3cc2c1->OC1c2ccccc2Cc2ccccc21->O=C1c2ccccc2C(O)c2ccccc21->O=C1c2ccccc2C(=O)c2ccccc21
FR-BBD3-PARENT-c1013,eclipse_predec,3,CC(C)=CCCC(C)C=CC(=O)[O-],CC(C)=CCCC(C)CC=O,CC(C)=CCCC(C)CC(=O)[O-],2,CC(C)=CCCC(C)CC=O->CC(C)=CCCC(C)C=CC(=O)[O-]->CC(C)=CCCC(C)C(O)CC(=O)[O-]->CC(C)=CCCC(C)=CC(=O)[O-]->CC(C)=CCCC(C)CC(=O)[O-]
FR-BBD3-PARENT-c1013,eclipse_predec,3,CC(C)=CCCC(C)C(O)CC(=O)[O-],CC(C)=CCCC(C)CC=O,CC(C)=CCCC(C)CC(=O)[O-],3,CC(C)=CCCC(C)CC=O->CC(C)=CCCC(C)C=CC(=O)[O-]->CC(C)=CCCC(C)C(O)CC(=O)[O-]->CC(C)=CCCC(C)=CC(=O)[O-]->CC(C)=CCCC(C)CC(=O)[O-]
FR-BBD3-PARENT-c1013,eclipse_predec,3,CC(C)=CCCC(C)=CC(=O)[O-],CC(C)=CCCC(C)CC=O,CC(C)=CCCC(C)CC(=O)[O-],4,CC(C)=CCCC(C)CC=O->CC(C)=CCCC(C)C=CC(=O)[O-]->CC(C)=CCCC(C)C(O)CC(=O)[O-]->CC(C)=CCCC(C)=CC(=O)[O-]->CC(C)=CCCC(C)CC(=O)[O-]
FR-BBD3-PARENT-c1019,eclipse_predec,3,O=S(=O)(O)c1nc2ccccc2s1,Sc1nc2ccccc2s1,c1ccc2scnc2c1,1,Sc1nc2ccccc2s1->O=S(=O)(O)c1nc2ccccc2s1->c1ccc2scnc2c1
FR-BBD3-PARENT-c1094,eclipse_predec,3,Cn1c(=O)c2[nH]c(=O)[nH]c(=O)c2n(C)c1=O,Cn1cnc2c1c(=O)[nH]c(=O)n2C,Cn1c(=O)c2[nH]c(=O)[nH]c2n(C)c1=O,2,Cn1cnc2c1c(=O)[nH]c(=O)n2C->Cn1c(=O)c2[nH]c(=O)[nH]c(=O)c2n(C)c1=O->Cn1c(=O)[nH]c2c(=O)n(C)c(=O)n(C)c2c1=O->Cn1c(=O)c2[nH]c(=O)[nH]c2n(C)c1=O
FR-BBD3-PARENT-c1094,eclipse_predec,3,Cn1c(=O)[nH]c2c(=O)n(C)c(=O)n(C)c2c1=O,Cn1cnc2c1c(=O)[nH]c(=O)n2C,Cn1c(=O)c2[nH]c(=O)[nH]c2n(C)c1=O,3,Cn1cnc2c1c(=O)[nH]c(=O)n2C->Cn1c(=O)c2[nH]c(=O)[nH]c(=O)c2n(C)c1=O->Cn1c(=O)[nH]c2c(=O)n(C)c(=O)n(C)c2c1=O->Cn1c(=O)c2[nH]c(=O)[nH]c2n(C)c1=O
FR-BBD3-PARENT-c1285,eclipse_predec,3,C=C(C)Cc1cccc(O)c1O,CNC(=O)Oc1cccc(CC(C)(C)O)c1O,CC(C)(O)Cc1cccc(O)c1O,2,CNC(=O)Oc1cccc(CC(C)(C)O)c1O->C=C(C)Cc1cccc(O)c1O->CC1(C)Cc2cccc(O)c2O1->CC(C)(O)Cc1cccc(O)c1O
FR-BBD3-PARENT-c1296,eclipse_predec,3,Cc1n[nH]c(=O)c(-c2ccccc2)n1,Cc1nnc(-c2ccccc2)c(=O)n1N,CC(=O)NN=C(C(=O)[O-])c1ccccc1,1,Cc1nnc(-c2ccccc2)c(=O)n1N->Cc1n[nH]c(=O)c(-c2ccccc2)n1->CC(=O)NN=C(C(=O)[O-])c1ccccc1
FR-BBD3-PARENT-c1313,eclipse_predec,3,Cc1ccc(NO)cc1N,Cc1ccc([N+](=O)[O-])cc1N,Cc1ccc(N)cc1N,2,Cc1ccc([N+](=O)[O-])cc1N->Cc1ccc(NO)cc1N->Cc1ccc(N)cc1N
FR-BBD3-PARENT-c1457,eclipse_predec,3,CCOC(=O)CC(SP(=O)([O-])OC)C(=O)OCC.CO,CCOC(=O)CC(SP(=O)(OC)OC)C(=O)OCC,CCOC(=O)CC(SP(=O)([O-])OC)C(=O)OCC,2,CCOC(=O)CC(SP(=O)(OC)OC)C(=O)OCC->CCOC(=O)CC(SP(=O)([O-])OC)C(=O)OCC.CO->CCOC(=O)CC(SP(=O)([O-])OC)C(=O)OCC
FR-BBD3-PARENT-c1481,eclipse_predec,3,CO.CSP(=O)([O-])[O-],COP(=O)([O-])SC,CO,2,COP(=O)([O-])SC->CO.CSP(=O)([O-])[O-]->CSP(=O)(O)O->CS->CSSC->CO
FR-BBD3-PARENT-c1481,eclipse_predec,3,CSP(=O)(O)O,COP(=O)([O-])SC,CO,3,COP(=O)([O-])SC->CO.CSP(=O)([O-])[O-]->CSP(=O)(O)O->CS->CSSC->CO
FR-BBD3-PARENT-c1481,eclipse_predec,3,CSSC,COP(=O)([O-])SC,CO,5,COP(=O)([O-])SC->CO.CSP(=O)([O-])[O-]->CSP(=O)(O)O->CS->CSSC->CO
FR-BBD3-CAND-c1570,eclipse_predec,3,CC(=O)[O-].NC(CC(=O)[O-])C(=O)[O-],O=C([O-])CC(NC(CC(=O)[O-])C(=O)[O-])C(=O)[O-],O=C([O-])C=CC(=O)[O-],1,O=C([O-])CC(NC(CC(=O)[O-])C(=O)[O-])C(=O)[O-]->CC(=O)[O-].NC(CC(=O)[O-])C(=O)[O-]->O=C([O-])CC(O)C(=O)[O-]->O=C([O-])C=CC(=O)[O-]
FR-BBD3-CAND-c1570,eclipse_predec,3,O=C([O-])CC(O)C(=O)[O-],O=C([O-])CC(NC(CC(=O)[O-])C(=O)[O-])C(=O)[O-],O=C([O-])C=CC(=O)[O-],2,O=C([O-])CC(NC(CC(=O)[O-])C(=O)[O-])C(=O)[O-]->CC(=O)[O-].NC(CC(=O)[O-])C(=O)[O-]->O=C([O-])CC(O)C(=O)[O-]->O=C([O-])C=CC(=O)[O-]
FR-BBD3-PARENT-c0116,eclipse_predec,5,OCCc1ccccc1,CC(=O)c1ccccc1,O=C([O-])CC(=O)c1ccccc1,2,CC(=O)c1ccccc1->CC(O)c1ccccc1->OCCc1ccccc1->O=C([O-])CCc1ccccc1->O=C([O-])C=Cc1ccccc1->O=C([O-])CC(=O)c1ccccc1
FR-BBD3-PARENT-c0116,eclipse_predec,5,O=C([O-])CCc1ccccc1,CC(=O)c1ccccc1,O=C([O-])CC(=O)c1ccccc1,3,CC(=O)c1ccccc1->CC(O)c1ccccc1->OCCc1ccccc1->O=C([O-])CCc1ccccc1->O=C([O-])C=Cc1ccccc1->O=C([O-])CC(=O)c1ccccc1
FR-BBD3-PARENT-c0116,eclipse_predec,5,O=C([O-])C=Cc1ccccc1,CC(=O)c1ccccc1,O=C([O-])CC(=O)c1ccccc1,4,CC(=O)c1ccccc1->CC(O)c1ccccc1->OCCc1ccccc1->O=C([O-])CCc1ccccc1->O=C([O-])C=Cc1ccccc1->O=C([O-])CC(=O)c1ccccc1
FR-BBD3-PARENT-c0134,eclipse_predec,5,NCP(=O)([O-])[O-].O=CC(=O)[O-],O=C([O-])CNCP(=O)([O-])[O-],O=CC(=O)[O-],1,O=C([O-])CNCP(=O)([O-])[O-]->NCP(=O)([O-])[O-].O=CC(=O)[O-]->O=C([O-])C(O)C(=O)[O-]->O=C([O-])C(=O)[O-]->O=CC(=O)[O-]
FR-BBD3-PARENT-c0134,eclipse_predec,5,O=C([O-])C(O)C(=O)[O-],O=C([O-])CNCP(=O)([O-])[O-],O=CC(=O)[O-],2,O=C([O-])CNCP(=O)([O-])[O-]->NCP(=O)([O-])[O-].O=CC(=O)[O-]->O=C([O-])C(O)C(=O)[O-]->O=C([O-])C(=O)[O-]->O=CC(=O)[O-]
FR-BBD3-PARENT-c0134,eclipse_predec,5,O=C([O-])C(=O)[O-],O=C([O-])CNCP(=O)([O-])[O-],O=CC(=O)[O-],3,O=C([O-])CNCP(=O)([O-])[O-]->NCP(=O)([O-])[O-].O=CC(=O)[O-]->O=C([O-])C(O)C(=O)[O-]->O=C([O-])C(=O)[O-]->O=CC(=O)[O-]
FR-BBD3-PARENT-c0288,eclipse_predec,5,O=C([O-])C(=O)Oc1ccc(Cl)cc1Cl,O=C([O-])COc1ccc(Cl)cc1Cl,Oc1ccc(Cl)cc1Cl,1,O=C([O-])COc1ccc(Cl)cc1Cl->O=C([O-])C(=O)Oc1ccc(Cl)cc1Cl->Oc1ccc(Cl)cc1Cl
FR-BBD3-PARENT-c0352,eclipse_predec,5,O=C([O-])C1(O)CC1,NC1(C(=O)[O-])CC1,CCC(=O)C(=O)[O-],1,NC1(C(=O)[O-])CC1->O=C([O-])C1(O)CC1->CCC(=O)C(=O)[O-]
FR-BBD3-PARENT-c0407,eclipse_predec,5,CC12C=CC(CC1=O)C2(C)C,CC12CCC(CC1=O)C2(C)C,CC12CC(O)C(CC1=O)C2(C)C,1,CC12CCC(CC1=O)C2(C)C->CC12C=CC(CC1=O)C2(C)C->CC12CC(O)C(CC1=O)C2(C)C
FR-BBD3-PARENT-c0486,eclipse_predec,5,C=O,ClC(Cl)(Cl)Cl,O=C[O-],2,ClC(Cl)(Cl)Cl->ClCCl->C=O->O=C[O-]
FR-BBD3-PARENT-c0653,eclipse_predec,5,CC(C)N(C(=O)CO)c1ccccc1.O,CC(C)N(C(=O)CCl)c1ccccc1,CC(=O)N(c1ccccc1)C(C)C,1,CC(C)N(C(=O)CCl)c1ccccc1->CC(C)N(C(=O)CO)c1ccccc1.O->CC(=O)N(c1ccccc1)C(C)C
FR-BBD3-PARENT-c0691,eclipse_predec,5,C=O.CP(=O)([O-])O,CP(C)(=O)[O-],CP(=O)([O-])[O-],1,CP(C)(=O)[O-]->C=O.CP(=O)([O-])O->CP(=O)([O-])[O-]
FR-BBD3-PARENT-c0764,eclipse_predec,5,CC(C)(O)c1ccc(O)cc1.Oc1ccc(O)cc1,CC(C)(c1ccc(O)cc1)c1ccc(O)cc1,Oc1ccc(O)cc1,1,CC(C)(c1ccc(O)cc1)c1ccc(O)cc1->CC(C)(O)c1ccc(O)cc1.Oc1ccc(O)cc1->Oc1ccc(O)cc1
FR-BBD3-PARENT-c0765,eclipse_predec,5,Nc1ccc(Cl)cc1O,Nc1ccc(Cl)cc1,Oc1ccc(Cl)cc1O,1,Nc1ccc(Cl)cc1->Nc1ccc(Cl)cc1O->Oc1ccc(Cl)cc1O
FR-BBD3-PARENT-c0991,eclipse_predec,5,OC1c2ccccc2Cc2ccccc21,c1ccc2cc3ccccc3cc2c1,O=C1c2ccccc2C(=O)c2ccccc21,1,c1ccc2cc3ccccc3cc2c1->OC1c2ccccc2Cc2ccccc21->O=C1c2ccccc2C(=O)c2ccccc21
FR-BBD3-PARENT-c1013,eclipse_predec,5,CC(C)=CCCC(C)C=CC(=O)[O-],CC(C)=CCCC(C)CC=O,CC(C)=CCCC(C)CC(=O)[O-],2,CC(C)=CCCC(C)CC=O->CC(C)=CCCC(C)C=CC(=O)[O-]->CC(C)=CCCC(C)C(O)CC(=O)[O-]->CC(C)=CCCC(C)=CC(=O)[O-]->CC(C)=CCCC(C)CC(=O)[O-]
FR-BBD3-PARENT-c1013,eclipse_predec,5,CC(C)=CCCC(C)C(O)CC(=O)[O-],CC(C)=CCCC(C)CC=O,CC(C)=CCCC(C)CC(=O)[O-],3,CC(C)=CCCC(C)CC=O->CC(C)=CCCC(C)C=CC(=O)[O-]->CC(C)=CCCC(C)C(O)CC(=O)[O-]->CC(C)=CCCC(C)=CC(=O)[O-]->CC(C)=CCCC(C)CC(=O)[O-]
FR-BBD3-PARENT-c1013,eclipse_predec,5,CC(C)=CCCC(C)=CC(=O)[O-],CC(C)=CCCC(C)CC=O,CC(C)=CCCC(C)CC(=O)[O-],4,CC(C)=CCCC(C)CC=O->CC(C)=CCCC(C)C=CC(=O)[O-]->CC(C)=CCCC(C)C(O)CC(=O)[O-]->CC(C)=CCCC(C)=CC(=O)[O-]->CC(C)=CCCC(C)CC(=O)[O-]
FR-BBD3-PARENT-c1094,eclipse_predec,5,Cn1c(=O)c2[nH]c(=O)[nH]c(=O)c2n(C)c1=O,Cn1cnc2c1c(=O)[nH]c(=O)n2C,Cn1c(=O)c2[nH]c(=O)[nH]c2n(C)c1=O,2,Cn1cnc2c1c(=O)[nH]c(=O)n2C->Cn1c(=O)c2[nH]c(=O)[nH]c(=O)c2n(C)c1=O->Cn1c(=O)[nH]c2c(=O)n(C)c(=O)n(C)c2c1=O->Cn1c(=O)c2[nH]c(=O)[nH]c2n(C)c1=O
FR-BBD3-PARENT-c1094,eclipse_predec,5,Cn1c(=O)[nH]c2c(=O)n(C)c(=O)n(C)c2c1=O,Cn1cnc2c1c(=O)[nH]c(=O)n2C,Cn1c(=O)c2[nH]c(=O)[nH]c2n(C)c1=O,3,Cn1cnc2c1c(=O)[nH]c(=O)n2C->Cn1c(=O)c2[nH]c(=O)[nH]c(=O)c2n(C)c1=O->Cn1c(=O)[nH]c2c(=O)n(C)c(=O)n(C)c2c1=O->Cn1c(=O)c2[nH]c(=O)[nH]c2n(C)c1=O
FR-BBD3-PARENT-c1285,eclipse_predec,5,C=C(C)Cc1cccc(O)c1O,CNC(=O)Oc1cccc(CC(C)(C)O)c1O,CC(C)(O)Cc1cccc(O)c1O,2,CNC(=O)Oc1cccc(CC(C)(C)O)c1O->C=C(C)Cc1cccc(O)c1O->CC1(C)Cc2cccc(O)c2O1->CC(C)(O)Cc1cccc(O)c1O
FR-BBD3-PARENT-c1296,eclipse_predec,5,Cc1n[nH]c(=O)c(-c2ccccc2)n1,Cc1nnc(-c2ccccc2)c(=O)n1N,CC(=O)NN=C(C(=O)[O-])c1ccccc1,1,Cc1nnc(-c2ccccc2)c(=O)n1N->Cc1n[nH]c(=O)c(-c2ccccc2)n1->CC(=O)NN=C(C(=O)[O-])c1ccccc1
FR-BBD3-PARENT-c1313,eclipse_predec,5,Cc1ccc(NO)cc1N,Cc1ccc([N+](=O)[O-])cc1N,Cc1ccc(N)cc1N,2,Cc1ccc([N+](=O)[O-])cc1N->Cc1ccc(NO)cc1N->Cc1ccc(N)cc1N
FR-BBD3-PARENT-c1352,eclipse_predec,5,CCN(CC)C(=O)[O-].Cc1ccccc1,CCN(CC)C(=O)c1cccc(C)c1,CCNCC,1,CCN(CC)C(=O)c1cccc(C)c1->CCN(CC)C(=O)[O-].Cc1ccccc1->CCNCC
FR-BBD3-PARENT-c1354,eclipse_predec,5,OC1COCCO1,C1COCCO1,O=C1COCCO1,1,C1COCCO1->OC1COCCO1->O=C1COCCO1
FR-BBD3-PARENT-c1441,eclipse_predec,5,C=O.CCc1cccc(CC)c1NC(=O)CCl,CCc1cccc(CC)c1N(COC)C(=O)CCl,C=O,1,CCc1cccc(CC)c1N(COC)C(=O)CCl->C=O.CCc1cccc(CC)c1NC(=O)CCl->C=O
FR-BBD3-PARENT-c1457,eclipse_predec,5,CCOC(=O)CC(SP(=O)([O-])OC)C(=O)OCC.CO,CCOC(=O)CC(SP(=S)(OC)OC)C(=O)OCC,CCO,1,CCOC(=O)CC(SP(=S)(OC)OC)C(=O)OCC->CCOC(=O)CC(SP(=O)([O-])OC)C(=O)OCC.CO->CCOC(=O)CC(SP(=O)([O-])OC)C(=O)O->CCOC(=O)CC(SP(=O)([O-])[O-])C(=O)[O-]->CCOC(=O)CCSP(=O)([O-])[O-]->CCOP(=O)([O-])[O-]->CCO
FR-BBD3-PARENT-c1457,eclipse_predec,5,CCOC(=O)CC(SP(=O)([O-])OC)C(=O)O,CCOC(=O)CC(SP(=S)(OC)OC)C(=O)OCC,CCO,2,CCOC(=O)CC(SP(=S)(OC)OC)C(=O)OCC->CCOC(=O)CC(SP(=O)([O-])OC)C(=O)OCC.CO->CCOC(=O)CC(SP(=O)([O-])OC)C(=O)O->CCOC(=O)CC(SP(=O)([O-])[O-])C(=O)[O-]->CCOC(=O)CCSP(=O)([O-])[O-]->CCOP(=O)([O-])[O-]->CCO
FR-BBD3-PARENT-c1457,eclipse_predec,5,CCOC(=O)CC(SP(=O)([O-])[O-])C(=O)[O-],CCOC(=O)CC(SP(=S)(OC)OC)C(=O)OCC,CCO,3,CCOC(=O)CC(SP(=S)(OC)OC)C(=O)OCC->CCOC(=O)CC(SP(=O)([O-])OC)C(=O)OCC.CO->CCOC(=O)CC(SP(=O)([O-])OC)C(=O)O->CCOC(=O)CC(SP(=O)([O-])[O-])C(=O)[O-]->CCOC(=O)CCSP(=O)([O-])[O-]->CCOP(=O)([O-])[O-]->CCO
FR-BBD3-PARENT-c1457,eclipse_predec,5,CCOC(=O)CCSP(=O)([O-])[O-],CCOC(=O)CC(SP(=S)(OC)OC)C(=O)OCC,CCO,4,CCOC(=O)CC(SP(=S)(OC)OC)C(=O)OCC->CCOC(=O)CC(SP(=O)([O-])OC)C(=O)OCC.CO->CCOC(=O)CC(SP(=O)([O-])OC)C(=O)O->CCOC(=O)CC(SP(=O)([O-])[O-])C(=O)[O-]->CCOC(=O)CCSP(=O)([O-])[O-]->CCOP(=O)([O-])[O-]->CCO
FR-BBD3-PARENT-c1457,eclipse_predec,5,CCOP(=O)([O-])[O-],CCOC(=O)CC(SP(=S)(OC)OC)C(=O)OCC,CCO,5,CCOC(=O)CC(SP(=S)(OC)OC)C(=O)OCC->CCOC(=O)CC(SP(=O)([O-])OC)C(=O)OCC.CO->CCOC(=O)CC(SP(=O)([O-])OC)C(=O)O->CCOC(=O)CC(SP(=O)([O-])[O-])C(=O)[O-]->CCOC(=O)CCSP(=O)([O-])[O-]->CCOP(=O)([O-])[O-]->CCO
FR-BBD3-PARENT-c1481,eclipse_predec,5,CO.CSP(=O)([O-])[O-],COP(=O)([O-])SC,CO,1,COP(=O)([O-])SC->CO.CSP(=O)([O-])[O-]->CSP(=O)(O)O->CS->CSSC->CO
FR-BBD3-PARENT-c1481,eclipse_predec,5,CSP(=O)(O)O,COP(=O)([O-])SC,CO,2,COP(=O)([O-])SC->CO.CSP(=O)([O-])[O-]->CSP(=O)(O)O->CS->CSSC->CO
FR-BBD3-PARENT-c1481,eclipse_predec,5,CSSC,COP(=O)([O-])SC,CO,4,COP(=O)([O-])SC->CO.CSP(=O)([O-])[O-]->CSP(=O)(O)O->CS->CSSC->CO
FR-BBD3-CAND-c0141,eclipse_predec,5,ClC1=CC(Cl)C(Cl)C(Cl)C1,ClC1=CC(Cl)C(Cl)C(Cl)C1Cl,Clc1ccc(Cl)c(Cl)c1,2,ClC1=CC(Cl)C(Cl)C(Cl)C1Cl->ClC1=CC(Cl)C(Cl)C(Cl)C1->Clc1ccc(Cl)c(Cl)c1
FR-BBD3-CAND-c1570,eclipse_predec,5,CC(=O)[O-].NC(CC(=O)[O-])C(=O)[O-],O=C([O-])CC(NC(CC(=O)[O-])C(=O)[O-])C(=O)[O-],O=C([O-])C=CC(=O)[O-],1,O=C([O-])CC(NC(CC(=O)[O-])C(=O)[O-])C(=O)[O-]->CC(=O)[O-].NC(CC(=O)[O-])C(=O)[O-]->O=C([O-])CC(O)C(=O)[O-]->O=C([O-])C=CC(=O)[O-]
FR-BBD3-CAND-c1570,eclipse_predec,5,O=C([O-])CC(O)C(=O)[O-],O=C([O-])CC(NC(CC(=O)[O-])C(=O)[O-])C(=O)[O-],O=C([O-])C=CC(=O)[O-],2,O=C([O-])CC(NC(CC(=O)[O-])C(=O)[O-])C(=O)[O-]->CC(=O)[O-].NC(CC(=O)[O-])C(=O)[O-]->O=C([O-])CC(O)C(=O)[O-]->O=C([O-])C=CC(=O)[O-]
FR-BBD3-CAND-c0347,eclipse_predec,5,O=S(=O)([O-])[O-],CS(=O)(=O)[O-],O=S([O-])[O-],1,CS(=O)(=O)[O-]->O=S(=O)([O-])[O-]->O=S(=O)([O-])[O-].[O-]->O=S([O-])[O-]
FR-BBD3-CAND-c0347,eclipse_predec,5,O=S(=O)([O-])[O-].[O-],CS(=O)(=O)[O-],O=S([O-])[O-],2,CS(=O)(=O)[O-]->O=S(=O)([O-])[O-]->O=S(=O)([O-])[O-].[O-]->O=S([O-])[O-]
FR-BBD3-PARENT-c0116,eclipse_predec,10,OCCc1ccccc1,CC(=O)c1ccccc1,O=C([O-])CC(=O)c1ccccc1,2,CC(=O)c1ccccc1->CC(O)c1ccccc1->OCCc1ccccc1->O=C([O-])CCc1ccccc1->O=C([O-])C=Cc1ccccc1->O=C([O-])CC(=O)c1ccccc1
FR-BBD3-PARENT-c0116,eclipse_predec,10,O=C([O-])CCc1ccccc1,CC(=O)c1ccccc1,O=C([O-])CC(=O)c1ccccc1,3,CC(=O)c1ccccc1->CC(O)c1ccccc1->OCCc1ccccc1->O=C([O-])CCc1ccccc1->O=C([O-])C=Cc1ccccc1->O=C([O-])CC(=O)c1ccccc1
FR-BBD3-PARENT-c0116,eclipse_predec,10,O=C([O-])C=Cc1ccccc1,CC(=O)c1ccccc1,O=C([O-])CC(=O)c1ccccc1,4,CC(=O)c1ccccc1->CC(O)c1ccccc1->OCCc1ccccc1->O=C([O-])CCc1ccccc1->O=C([O-])C=Cc1ccccc1->O=C([O-])CC(=O)c1ccccc1
FR-BBD3-PARENT-c0134,eclipse_predec,10,NCP(=O)([O-])[O-].O=CC(=O)[O-],O=C([O-])CNCP(=O)([O-])[O-],O=CC(=O)[O-],1,O=C([O-])CNCP(=O)([O-])[O-]->NCP(=O)([O-])[O-].O=CC(=O)[O-]->O=C([O-])C(O)C(=O)[O-]->O=C([O-])C(=O)[O-]->O=CC(=O)[O-]
FR-BBD3-PARENT-c0134,eclipse_predec,10,O=C([O-])C(O)C(=O)[O-],O=C([O-])CNCP(=O)([O-])[O-],O=CC(=O)[O-],2,O=C([O-])CNCP(=O)([O-])[O-]->NCP(=O)([O-])[O-].O=CC(=O)[O-]->O=C([O-])C(O)C(=O)[O-]->O=C([O-])C(=O)[O-]->O=CC(=O)[O-]
FR-BBD3-PARENT-c0134,eclipse_predec,10,O=C([O-])C(=O)[O-],O=C([O-])CNCP(=O)([O-])[O-],O=CC(=O)[O-],3,O=C([O-])CNCP(=O)([O-])[O-]->NCP(=O)([O-])[O-].O=CC(=O)[O-]->O=C([O-])C(O)C(=O)[O-]->O=C([O-])C(=O)[O-]->O=CC(=O)[O-]
FR-BBD3-PARENT-c0288,eclipse_predec,10,O=C([O-])COc1cc(O)c(Cl)cc1Cl,O=C([O-])COc1ccc(Cl)cc1Cl,O=CC(=O)[O-],1,O=C([O-])COc1ccc(Cl)cc1Cl->O=C([O-])COc1cc(O)c(Cl)cc1Cl->O=C([O-])COc1cc(O)c(O)cc1Cl->O=C([O-])C(O)COc1cc(O)c(O)cc1Cl->O=C([O-])C(=O)COc1cc(O)c(O)cc1Cl->O=C([O-])C(=O)CO->O=CC(=O)[O-]
FR-BBD3-PARENT-c0288,eclipse_predec,10,O=C([O-])COc1cc(O)c(O)cc1Cl,O=C([O-])COc1ccc(Cl)cc1Cl,O=CC(=O)[O-],2,O=C([O-])COc1ccc(Cl)cc1Cl->O=C([O-])COc1cc(O)c(Cl)cc1Cl->O=C([O-])COc1cc(O)c(O)cc1Cl->O=C([O-])C(O)COc1cc(O)c(O)cc1Cl->O=C([O-])C(=O)COc1cc(O)c(O)cc1Cl->O=C([O-])C(=O)CO->O=CC(=O)[O-]
FR-BBD3-PARENT-c0288,eclipse_predec,10,O=C([O-])C(O)COc1cc(O)c(O)cc1Cl,O=C([O-])COc1ccc(Cl)cc1Cl,O=CC(=O)[O-],3,O=C([O-])COc1ccc(Cl)cc1Cl->O=C([O-])COc1cc(O)c(Cl)cc1Cl->O=C([O-])COc1cc(O)c(O)cc1Cl->O=C([O-])C(O)COc1cc(O)c(O)cc1Cl->O=C([O-])C(=O)COc1cc(O)c(O)cc1Cl->O=C([O-])C(=O)CO->O=CC(=O)[O-]
FR-BBD3-PARENT-c0288,eclipse_predec,10,O=C([O-])C(=O)COc1cc(O)c(O)cc1Cl,O=C([O-])COc1ccc(Cl)cc1Cl,O=CC(=O)[O-],4,O=C([O-])COc1ccc(Cl)cc1Cl->O=C([O-])COc1cc(O)c(Cl)cc1Cl->O=C([O-])COc1cc(O)c(O)cc1Cl->O=C([O-])C(O)COc1cc(O)c(O)cc1Cl->O=C([O-])C(=O)COc1cc(O)c(O)cc1Cl->O=C([O-])C(=O)CO->O=CC(=O)[O-]
FR-BBD3-PARENT-c0288,eclipse_predec,10,O=C([O-])C(=O)CO,O=C([O-])COc1ccc(Cl)cc1Cl,O=CC(=O)[O-],5,O=C([O-])COc1ccc(Cl)cc1Cl->O=C([O-])COc1cc(O)c(Cl)cc1Cl->O=C([O-])COc1cc(O)c(O)cc1Cl->O=C([O-])C(O)COc1cc(O)c(O)cc1Cl->O=C([O-])C(=O)COc1cc(O)c(O)cc1Cl->O=C([O-])C(=O)CO->O=CC(=O)[O-]
FR-BBD3-PARENT-c0288,eclipse_predec,10,O=C([O-])C(=O)Oc1ccc(Cl)cc1Cl,O=C([O-])COc1ccc(Cl)cc1Cl,Oc1ccc(Cl)cc1Cl,1,O=C([O-])COc1ccc(Cl)cc1Cl->O=C([O-])C(=O)Oc1ccc(Cl)cc1Cl->Oc1ccc(Cl)cc1Cl
FR-BBD3-PARENT-c0352,eclipse_predec,10,O=C([O-])C1(O)CC1,NC1(C(=O)[O-])CC1,CCC(=O)C(=O)[O-],1,NC1(C(=O)[O-])CC1->O=C([O-])C1(O)CC1->CCC(=O)C(=O)[O-]
FR-BBD3-PARENT-c0407,eclipse_predec,10,CC12C=CC(CC1=O)C2(C)C,CC12CCC(CC1=O)C2(C)C,CC12CC(O)C(CC1=O)C2(C)C,1,CC12CCC(CC1=O)C2(C)C->CC12C=CC(CC1=O)C2(C)C->CC12CC(O)C(CC1=O)C2(C)C
FR-BBD3-PARENT-c0486,eclipse_predec,10,C=O,ClC(Cl)(Cl)Cl,O=C[O-],2,ClC(Cl)(Cl)Cl->ClCCl->C=O->O=C[O-]
FR-BBD3-PARENT-c0639,eclipse_predec,10,O=[N+]([O-])N1C=NC(O)NC1,O=[N+]([O-])N1C=NC=NC1,O=[N+]([O-])N1CNC(O)NC1O,3,O=[N+]([O-])N1C=NC=NC1->O=[N+]([O-])N1C=NC(O)NC1->O=[N+]([O-])N1CNC(O)NC1O
FR-BBD3-PARENT-c0653,eclipse_predec,10,CC(C)N(C(=O)CO)c1ccccc1.O,CC(C)N(C(=O)CCl)c1ccccc1,CC(=O)N(c1ccccc1)C(C)C,1,CC(C)N(C(=O)CCl)c1ccccc1->CC(C)N(C(=O)CO)c1ccccc1.O->CC(=O)N(c1ccccc1)C(C)C
FR-BBD3-PARENT-c0764,eclipse_predec,10,CC(C)(O)c1ccc(O)cc1.Oc1ccc(O)cc1,CC(C)(c1ccc(O)cc1)c1ccc(O)cc1,Oc1ccc(O)cc1,1,CC(C)(c1ccc(O)cc1)c1ccc(O)cc1->CC(C)(O)c1ccc(O)cc1.Oc1ccc(O)cc1->Oc1ccc(O)cc1
FR-BBD3-PARENT-c0765,eclipse_predec,10,Nc1ccc(Cl)cc1O,Nc1ccc(Cl)cc1,Oc1ccc(Cl)cc1O,1,Nc1ccc(Cl)cc1->Nc1ccc(Cl)cc1O->Oc1ccc(Cl)cc1O
FR-BBD3-PARENT-c0897,eclipse_predec,10,OCc1ccccc1,c1ccc(CSCc2ccccc2)cc1,O=Cc1ccccc1,2,c1ccc(CSCc2ccccc2)cc1->SCc1ccccc1->OCc1ccccc1->O=Cc1ccccc1
FR-BBD3-PARENT-c0991,eclipse_predec,10,OC1c2ccccc2Cc2ccccc21,c1ccc2cc3ccccc3cc2c1,O=C1c2ccccc2C(=O)c2ccccc21,1,c1ccc2cc3ccccc3cc2c1->OC1c2ccccc2Cc2ccccc21->O=C1c2ccccc2C(=O)c2ccccc21
FR-BBD3-PARENT-c1013,eclipse_predec,10,CC(C)=CCCC(C)C=CC(=O)[O-],CC(C)=CCCC(C)CC=O,CC(C)=CCCC(C)CC(=O)[O-],2,CC(C)=CCCC(C)CC=O->CC(C)=CCCC(C)C=CC(=O)[O-]->CC(C)=CCCC(C)C(O)CC(=O)[O-]->CC(C)=CCCC(C)=CC(=O)[O-]->CC(C)=CCCC(C)CC(=O)[O-]
FR-BBD3-PARENT-c1013,eclipse_predec,10,CC(C)=CCCC(C)C(O)CC(=O)[O-],CC(C)=CCCC(C)CC=O,CC(C)=CCCC(C)CC(=O)[O-],3,CC(C)=CCCC(C)CC=O->CC(C)=CCCC(C)C=CC(=O)[O-]->CC(C)=CCCC(C)C(O)CC(=O)[O-]->CC(C)=CCCC(C)=CC(=O)[O-]->CC(C)=CCCC(C)CC(=O)[O-]
FR-BBD3-PARENT-c1013,eclipse_predec,10,CC(C)=CCCC(C)=CC(=O)[O-],CC(C)=CCCC(C)CC=O,CC(C)=CCCC(C)CC(=O)[O-],4,CC(C)=CCCC(C)CC=O->CC(C)=CCCC(C)C=CC(=O)[O-]->CC(C)=CCCC(C)C(O)CC(=O)[O-]->CC(C)=CCCC(C)=CC(=O)[O-]->CC(C)=CCCC(C)CC(=O)[O-]
FR-BBD3-PARENT-c1094,eclipse_predec,10,Cn1c(=O)c2[nH]c(=O)[nH]c(=O)c2n(C)c1=O,Cn1cnc2c1c(=O)[nH]c(=O)n2C,Cn1c(=O)c2[nH]c(=O)[nH]c2n(C)c1=O,2,Cn1cnc2c1c(=O)[nH]c(=O)n2C->Cn1c(=O)c2[nH]c(=O)[nH]c(=O)c2n(C)c1=O->Cn1c(=O)[nH]c2c(=O)n(C)c(=O)n(C)c2c1=O->Cn1c(=O)c2[nH]c(=O)[nH]c2n(C)c1=O
FR-BBD3-PARENT-c1094,eclipse_predec,10,Cn1c(=O)[nH]c2c(=O)n(C)c(=O)n(C)c2c1=O,Cn1cnc2c1c(=O)[nH]c(=O)n2C,Cn1c(=O)c2[nH]c(=O)[nH]c2n(C)c1=O,3,Cn1cnc2c1c(=O)[nH]c(=O)n2C->Cn1c(=O)c2[nH]c(=O)[nH]c(=O)c2n(C)c1=O->Cn1c(=O)[nH]c2c(=O)n(C)c(=O)n(C)c2c1=O->Cn1c(=O)c2[nH]c(=O)[nH]c2n(C)c1=O
FR-BBD3-PARENT-c1285,eclipse_predec,10,C=C(C)Cc1cccc(O)c1O,CNC(=O)Oc1cccc(CC(C)(C)O)c1O,CC(C)(O)Cc1cccc(O)c1O,2,CNC(=O)Oc1cccc(CC(C)(C)O)c1O->C=C(C)Cc1cccc(O)c1O->CC1(C)Cc2cccc(O)c2O1->CC(C)(O)Cc1cccc(O)c1O
FR-BBD3-PARENT-c1296,eclipse_predec,10,Cc1n[nH]c(=O)c(-c2ccccc2)n1,Cc1nnc(-c2ccccc2)c(=O)n1N,CC(=O)NN=C(C(=O)[O-])c1ccccc1,1,Cc1nnc(-c2ccccc2)c(=O)n1N->Cc1n[nH]c(=O)c(-c2ccccc2)n1->CC(=O)NN=C(C(=O)[O-])c1ccccc1
FR-BBD3-PARENT-c1313,eclipse_predec,10,Cc1ccc(NO)cc1N,Cc1ccc([N+](=O)[O-])cc1N,Cc1ccc(N)cc1N,2,Cc1ccc([N+](=O)[O-])cc1N->Cc1ccc(NO)cc1N->Cc1ccc(N)cc1N
FR-BBD3-PARENT-c1352,eclipse_predec,10,CCNCC.Cc1cccc(C(=O)[O-])c1,CCN(CC)C(=O)c1cccc(C)c1,CCNC(=O)c1cccc(C)c1,1,CCN(CC)C(=O)c1cccc(C)c1->CCNCC.Cc1cccc(C(=O)[O-])c1->CCNC(=O)c1cccc(C)c1
FR-BBD3-PARENT-c1352,eclipse_predec,10,CCN(CC)C(=O)[O-].Cc1ccccc1,CCN(CC)C(=O)c1cccc(C)c1,CCNCC,1,CCN(CC)C(=O)c1cccc(C)c1->CCN(CC)C(=O)[O-].Cc1ccccc1->CCNCC
FR-BBD3-PARENT-c1354,eclipse_predec,10,OC1COCCO1,C1COCCO1,O=C1COCCO1,1,C1COCCO1->OC1COCCO1->O=C1COCCO1
FR-BBD3-PARENT-c1441,eclipse_predec,10,C=O.CCc1cccc(CC)c1NC(=O)CCl,CCc1cccc(CC)c1N(COC)C(=O)CCl,C=O,1,CCc1cccc(CC)c1N(COC)C(=O)CCl->C=O.CCc1cccc(CC)c1NC(=O)CCl->C=O
FR-BBD3-PARENT-c1457,eclipse_predec,10,CCOC(=O)CC(SP(=O)([O-])OC)C(=O)OCC.CO,CCOC(=O)CC(SP(=O)(OC)OC)C(=O)OCC,CCOC(=O)CC(SP(=O)([O-])OC)C(=O)OCC,1,CCOC(=O)CC(SP(=O)(OC)OC)C(=O)OCC->CCOC(=O)CC(SP(=O)([O-])OC)C(=O)OCC.CO->CCOC(=O)CC(SP(=O)([O-])OC)C(=O)OCC
FR-BBD3-PARENT-c1481,eclipse_predec,10,CO.CSP(=O)([O-])[O-],COP(=O)([O-])SC,CO,1,COP(=O)([O-])SC->CO.CSP(=O)([O-])[O-]->CSP(=O)(O)O->CS->CSSC->CO
FR-BBD3-PARENT-c1481,eclipse_predec,10,CSP(=O)(O)O,COP(=O)([O-])SC,CO,2,COP(=O)([O-])SC->CO.CSP(=O)([O-])[O-]->CSP(=O)(O)O->CS->CSSC->CO
FR-BBD3-PARENT-c1481,eclipse_predec,10,CSSC,COP(=O)([O-])SC,CO,4,COP(=O)([O-])SC->CO.CSP(=O)([O-])[O-]->CSP(=O)(O)O->CS->CSSC->CO
FR-BBD3-CAND-c0141,eclipse_predec,10,ClC1=CC(Cl)C(Cl)C(Cl)C1,ClC1=CC(Cl)C(Cl)C(Cl)C1Cl,Clc1ccc(Cl)c(Cl)c1,2,ClC1=CC(Cl)C(Cl)C(Cl)C1Cl->ClC1=CC(Cl)C(Cl)C(Cl)C1->Clc1ccc(Cl)c(Cl)c1
FR-BBD3-CAND-c1570,eclipse_predec,10,CC(=O)[O-].NC(CC(=O)[O-])C(=O)[O-],O=C([O-])CC(NC(CC(=O)[O-])C(=O)[O-])C(=O)[O-],O=C([O-])C=CC(=O)[O-],1,O=C([O-])CC(NC(CC(=O)[O-])C(=O)[O-])C(=O)[O-]->CC(=O)[O-].NC(CC(=O)[O-])C(=O)[O-]->O=C([O-])CC(O)C(=O)[O-]->O=C([O-])C=CC(=O)[O-]
FR-BBD3-CAND-c1570,eclipse_predec,10,O=C([O-])CC(O)C(=O)[O-],O=C([O-])CC(NC(CC(=O)[O-])C(=O)[O-])C(=O)[O-],O=C([O-])C=CC(=O)[O-],2,O=C([O-])CC(NC(CC(=O)[O-])C(=O)[O-])C(=O)[O-]->CC(=O)[O-].NC(CC(=O)[O-])C(=O)[O-]->O=C([O-])CC(O)C(=O)[O-]->O=C([O-])C=CC(=O)[O-]
FR-BBD3-CAND-c0347,eclipse_predec,10,O=S(=O)([O-])[O-].[O-],CS(=O)(=O)[O-],O=S([O-])[O-],1,CS(=O)(=O)[O-]->O=S(=O)([O-])[O-].[O-]->O=S([O-])[O-]
FR-BBD3-PARENT-c0432,eclipse_noec,1,O=C([O-])CCCCCC(=O)[O-],NCCCCCC(=O)[O-],O=CCCCCC(=O)[O-],2,NCCCCCC(=O)[O-]->O=C([O-])CCCCCC(=O)[O-]->O=C([O-])CCCCCO->O=CCCCCC(=O)[O-]
FR-BBD3-PARENT-c0432,eclipse_noec,1,O=C([O-])CCCCCO,NCCCCCC(=O)[O-],O=CCCCCC(=O)[O-],3,NCCCCCC(=O)[O-]->O=C([O-])CCCCCC(=O)[O-]->O=C([O-])CCCCCO->O=CCCCCC(=O)[O-]
FR-BBD3-PARENT-c0691,eclipse_noec,1,C=O.O=P([O-])([O-])O,CP(=O)([O-])[O-],O=P([O-])([O-])[O-],3,CP(=O)([O-])[O-]->C=O.O=P([O-])([O-])O->O=P([O-])([O-])[O-]
FR-BBD3-PARENT-c0691,eclipse_noec,1,C=O.CP(=O)([O-])O,CP(C)(=O)[O-],CP(=O)([O-])[O-],1,CP(C)(=O)[O-]->C=O.CP(=O)([O-])O->CP(=O)([O-])[O-]
FR-BBD3-PARENT-c1043,eclipse_noec,1,CC(C)=CCCC(C)=CC(=O)O,CC(C)=CCCC(C)=CC=O,CC(C)=CCCC(C)=CC(=O)[O-],2,CC(C)=CCCC(C)=CC=O->CC(C)=CCCC(C)=CC(=O)O->CC(C)=CCCC(C)=CC(=O)[O-]
FR-BBD3-PARENT-c0018,eclipse_noec,3,O=C(CCl)CCl,OC(CCl)CCl,ClCC1CO1,1,OC(CCl)CCl->O=C(CCl)CCl->ClCC1CO1
FR-BBD3-PARENT-c0163,eclipse_noec,3,O=C([O-])NC(=O)NC(=O)[O-],NC(=O)NC(N)=O,NC(=O)NC(=O)[O-],2,NC(=O)NC(N)=O->O=C([O-])NC(=O)NC(=O)[O-]->NC(=O)NC(=O)[O-]
FR-BBD3-PARENT-c0233,eclipse_noec,3,ClCCCl,ClCCl,C=O,1,ClCCl->ClCCCl->CC(Cl)CCl->C=O
FR-BBD3-PARENT-c0233,eclipse_noec,3,CC(Cl)CCl,ClCCl,C=O,2,ClCCl->ClCCCl->CC(Cl)CCl->C=O
FR-BBD3-PARENT-c0286,eclipse_noec,3,O=C([O-])CCCl,O=C([O-])C=CCl,O=CCC(=O)[O-],1,O=C([O-])C=CCl->O=C([O-])CCCl->O=C([O-])CCO->O=CCC(=O)[O-]
FR-BBD3-PARENT-c0286,eclipse_noec,3,O=C([O-])CCO,O=C([O-])C=CCl,O=CCC(=O)[O-],2,O=C([O-])C=CCl->O=C([O-])CCCl->O=C([O-])CCO->O=CCC(=O)[O-]
FR-BBD3-PARENT-c0288,eclipse_noec,3,O=C([O-])C(O)Oc1ccc(Cl)cc1Cl,O=C([O-])COc1ccc(Cl)cc1Cl,Oc1ccc(Cl)cc1Cl,1,O=C([O-])COc1ccc(Cl)cc1Cl->O=C([O-])C(O)Oc1ccc(Cl)cc1Cl->O=C([O-])C(=O)[O-].Oc1ccc(Cl)cc1Cl->Oc1ccc(Cl)cc1Cl
FR-BBD3-PARENT-c0288,eclipse_noec,3,O=C([O-])C(=O)[O-].Oc1ccc(Cl)cc1Cl,O=C([O-])COc1ccc(Cl)cc1Cl,Oc1ccc(Cl)cc1Cl,2,O=C([O-])COc1ccc(Cl)cc1Cl->O=C([O-])C(O)Oc1ccc(Cl)cc1Cl->O=C([O-])C(=O)[O-].Oc1ccc(Cl)cc1Cl->Oc1ccc(Cl)cc1Cl
FR-BBD3-PARENT-c0288,eclipse_noec,3,O=C([O-])C(O)Oc1ccc(Cl)cc1,O=C([O-])COc1ccc(Cl)cc1,Oc1ccc(Cl)cc1,2,O=C([O-])COc1ccc(Cl)cc1->O=C([O-])C(O)Oc1ccc(Cl)cc1->O=C([O-])C(=O)[O-].Oc1ccc(Cl)cc1->Oc1ccc(Cl)cc1
FR-BBD3-PARENT-c0288,eclipse_noec,3,O=C([O-])C(=O)[O-].Oc1ccc(Cl)cc1,O=C([O-])COc1ccc(Cl)cc1,Oc1ccc(Cl)cc1,3,O=C([O-])COc1ccc(Cl)cc1->O=C([O-])C(O)Oc1ccc(Cl)cc1->O=C([O-])C(=O)[O-].Oc1ccc(Cl)cc1->Oc1ccc(Cl)cc1
FR-BBD3-PARENT-c0345,eclipse_noec,3,O=C([O-])c1ccccc1O,Nc1ccccc1C(=O)[O-],O=C([O-])c1cccc(O)c1O,1,Nc1ccccc1C(=O)[O-]->O=C([O-])c1ccccc1O->O=C([O-])c1cccc(O)c1O
FR-BBD3-PARENT-c0352,eclipse_noec,3,O=C([O-])C1CC1,NC1(C(=O)[O-])CC1,CCC(=O)C(=O)[O-],1,NC1(C(=O)[O-])CC1->O=C([O-])C1CC1->O=C([O-])C1(O)CC1->CCC(=O)C(=O)[O-]
FR-BBD3-PARENT-c0352,eclipse_noec,3,O=C([O-])C1(O)CC1,NC1(C(=O)[O-])CC1,CCC(=O)C(=O)[O-],2,NC1(C(=O)[O-])CC1->O=C([O-])C1CC1->O=C([O-])C1(O)CC1->CCC(=O)C(=O)[O-]
FR-BBD3-PARENT-c0432,eclipse_noec,3,O=C([O-])CCCCCC(=O)[O-],NCCCCCC(=O)[O-],O=CCCCCC(=O)[O-],2,NCCCCCC(=O)[O-]->O=C([O-])CCCCCC(=O)[O-]->O=C([O-])CCCCCO->O=CCCCCC(=O)[O-]
FR-BBD3-PARENT-c0432,eclipse_noec,3,O=C([O-])CCCCCO,NCCCCCC(=O)[O-],O=CCCCCC(=O)[O-],3,NCCCCCC(=O)[O-]->O=C([O-])CCCCCC(=O)[O-]->O=C([O-])CCCCCO->O=CCCCCC(=O)[O-]
FR-BBD3-PARENT-c0639,eclipse_noec,3,O=[N+]([O-])N1C=NCN(NO)C1,O=[N+]([O-])N1C=NCN([N+](=O)[O-])C1,O=[N+]([O-])N1C=NC=NC1,3,O=[N+]([O-])N1C=NCN([N+](=O)[O-])C1->O=[N+]([O-])N1C=NCN(NO)C1->O=[N+]([O-])N1C=NC=NC1
FR-BBD3-PARENT-c0639,eclipse_noec,3,O=[N+]([O-])N1CNCN([N+](=O)[O-])C1,O=[N+]([O-])N1CN([N+](=O)[O-])CN([N+](=O)[O-])C1,O=[N+]([O-])N1C=NCN([N+](=O)[O-])C1,1,O=[N+]([O-])N1CN([N+](=O)[O-])CN([N+](=O)[O-])C1->O=[N+]([O-])N1CNCN([N+](=O)[O-])C1->O=[N+]([O-])N1C=NCN([N+](=O)[O-])C1
FR-BBD3-PARENT-c0691,eclipse_noec,3,C=O.O=P([O-])([O-])O,CP(=O)([O-])[O-],O=P([O-])([O-])[O-],3,CP(=O)([O-])[O-]->C=O.O=P([O-])([O-])O->O=P([O-])([O-])[O-]
FR-BBD3-PARENT-c0691,eclipse_noec,3,C=O.CP(=O)([O-])O,CP(C)(=O)[O-],CP(=O)([O-])[O-],1,CP(C)(=O)[O-]->C=O.CP(=O)([O-])O->CP(=O)([O-])[O-]
FR-BBD3-PARENT-c0941,eclipse_noec,3,C1CCC(OC2CCCCC2)CC1,C1CCCCC1,OC1CCCCC1,1,C1CCCCC1->C1CCC(OC2CCCCC2)CC1->OC1CCCCC1
FR-BBD3-PARENT-c0991,eclipse_noec,3,OC1c2ccccc2C=C2C=CC=CC21,c1ccc2cc3ccccc3cc2c1,O=C1c2ccccc2C(=O)c2ccccc21,1,c1ccc2cc3ccccc3cc2c1->OC1c2ccccc2C=C2C=CC=CC21->O=C1c2ccccc2C=C2C=CC=CC12->O=C1c2ccccc2CC2=CC=CC=CC12->O=C1c2ccccc2Cc2ccccc21->OC1c2ccccc2Cc2ccccc21->O=C1c2ccccc2C(=O)c2ccccc21
FR-BBD3-PARENT-c0991,eclipse_noec,3,O=C1c2ccccc2C=C2C=CC=CC12,c1ccc2cc3ccccc3cc2c1,O=C1c2ccccc2C(=O)c2ccccc21,2,c1ccc2cc3ccccc3cc2c1->OC1c2ccccc2C=C2C=CC=CC21->O=C1c2ccccc2C=C2C=CC=CC12->O=C1c2ccccc2CC2=CC=CC=CC12->O=C1c2ccccc2Cc2ccccc21->OC1c2ccccc2Cc2ccccc21->O=C1c2ccccc2C(=O)c2ccccc21
FR-BBD3-PARENT-c0991,eclipse_noec,3,O=C1c2ccccc2CC2=CC=CC=CC12,c1ccc2cc3ccccc3cc2c1,O=C1c2ccccc2C(=O)c2ccccc21,3,c1ccc2cc3ccccc3cc2c1->OC1c2ccccc2C=C2C=CC=CC21->O=C1c2ccccc2C=C2C=CC=CC12->O=C1c2ccccc2CC2=CC=CC=CC12->O=C1c2ccccc2Cc2ccccc21->OC1c2ccccc2Cc2ccccc21->O=C1c2ccccc2C(=O)c2ccccc21
FR-BBD3-PARENT-c0991,eclipse_noec,3,O=C1c2ccccc2Cc2ccccc21,c1ccc2cc3ccccc3cc2c1,O=C1c2ccccc2C(=O)c2ccccc21,4,c1ccc2cc3ccccc3cc2c1->OC1c2ccccc2C=C2C=CC=CC21->O=C1c2ccccc2C=C2C=CC=CC12->O=C1c2ccccc2CC2=CC=CC=CC12->O=C1c2ccccc2Cc2ccccc21->OC1c2ccccc2Cc2ccccc21->O=C1c2ccccc2C(=O)c2ccccc21
FR-BBD3-PARENT-c0991,eclipse_noec,3,OC1c2ccccc2Cc2ccccc21,c1ccc2cc3ccccc3cc2c1,O=C1c2ccccc2C(=O)c2ccccc21,5,c1ccc2cc3ccccc3cc2c1->OC1c2ccccc2C=C2C=CC=CC21->O=C1c2ccccc2C=C2C=CC=CC12->O=C1c2ccccc2CC2=CC=CC=CC12->O=C1c2ccccc2Cc2ccccc21->OC1c2ccccc2Cc2ccccc21->O=C1c2ccccc2C(=O)c2ccccc21
FR-BBD3-PARENT-c1013,eclipse_noec,3,CC(C)=CCCC(C)CC(=O)O,CC(C)=CCCC(C)CC=O,CC(C)=CCCC(C)CC(=O)[O-],2,CC(C)=CCCC(C)CC=O->CC(C)=CCCC(C)CC(=O)O->CC(C)=CCCC(C)CC(=O)OCC1CO1->CC(C)=CCCC(C)CC(=O)[O-]
FR-BBD3-PARENT-c1013,eclipse_noec,3,CC(C)=CCCC(C)CC(=O)OCC1CO1,CC(C)=CCCC(C)CC=O,CC(C)=CCCC(C)CC(=O)[O-],3,CC(C)=CCCC(C)CC=O->CC(C)=CCCC(C)CC(=O)O->CC(C)=CCCC(C)CC(=O)OCC1CO1->CC(C)=CCCC(C)CC(=O)[O-]
FR-BBD3-PARENT-c1019,eclipse_noec,3,OSc1nc2ccccc2s1,Sc1nc2ccccc2s1,O=S(=O)([O-])c1nc2ccccc2s1,2,Sc1nc2ccccc2s1->c1ccc2sc(SSc3nc4ccccc4s3)nc2c1->OSc1nc2ccccc2s1->O=S(=O)([O-])c1nc2ccccc2s1
FR-BBD3-PARENT-c1066,eclipse_noec,3,CC1CC(=O)C(C(C)C)=C(O)C1,CC1CC=C(C(C)C)C(=O)C1,CC1CC(=O)C(C(C)C)C(O)C1,2,CC1CC=C(C(C)C)C(=O)C1->CC1CC(=O)C(C(C)C)=C(O)C1->CC1CC(=O)C(C(C)C)C(O)C1
FR-BBD3-PARENT-c1094,eclipse_noec,3,Cn1c(=O)[nH]c(=O)c2[nH]c(=O)[nH]c21,Cn1c(=O)c2c(ncn2C)n(C)c1=O,Cn1c(=O)c2c([nH]c(=O)n2C)n(C)c1=O,3,Cn1c(=O)c2c(ncn2C)n(C)c1=O->Cn1cnc2c1c(=O)[nH]c(=O)n2C->Cn1c(=O)[nH]c(=O)c2[nH]cnc21->Cn1c(=O)[nH]c(=O)c2[nH]c(=O)[nH]c21->Cn1c(=O)[nH]c(=O)c2[nH]c(=O)n(C)c21->Cn1c(=O)c2[nH]c(=O)n(C)c2n(C)c1=O->Cn1c(=O)c2c([nH]c(=O)n2C)n(C)c1=O
FR-BBD3-PARENT-c1094,eclipse_noec,3,Cn1c(=O)[nH]c(=O)c2[nH]c(=O)n(C)c21,Cn1c(=O)c2c(ncn2C)n(C)c1=O,Cn1c(=O)c2c([nH]c(=O)n2C)n(C)c1=O,4,Cn1c(=O)c2c(ncn2C)n(C)c1=O->Cn1cnc2c1c(=O)[nH]c(=O)n2C->Cn1c(=O)[nH]c(=O)c2[nH]cnc21->Cn1c(=O)[nH]c(=O)c2[nH]c(=O)[nH]c21->Cn1c(=O)[nH]c(=O)c2[nH]c(=O)n(C)c21->Cn1c(=O)c2[nH]c(=O)n(C)c2n(C)c1=O->Cn1c(=O)c2c([nH]c(=O)n2C)n(C)c1=O
FR-BBD3-PARENT-c1094,eclipse_noec,3,Cn1c(=O)c2[nH]c(=O)n(C)c2n(C)c1=O,Cn1c(=O)c2c(ncn2C)n(C)c1=O,Cn1c(=O)c2c([nH]c(=O)n2C)n(C)c1=O,5,Cn1c(=O)c2c(ncn2C)n(C)c1=O->Cn1cnc2c1c(=O)[nH]c(=O)n2C->Cn1c(=O)[nH]c(=O)c2[nH]cnc21->Cn1c(=O)[nH]c(=O)c2[nH]c(=O)[nH]c21->Cn1c(=O)[nH]c(=O)c2[nH]c(=O)n(C)c21->Cn1c(=O)c2[nH]c(=O)n(C)c2n(C)c1=O->Cn1c(=O)c2c([nH]c(=O)n2C)n(C)c1=O
FR-BBD3-PARENT-c1188,eclipse_noec,3,C=C1C(COS(=O)(=O)[O-])C2(Cl)C(Cl)=C(Cl)C1(Cl)C2(Cl)Cl,O=S1OCC2C(CO1)C1(Cl)C(Cl)=C(Cl)C2(Cl)C1(Cl)Cl,C=C1C(CO)C2(Cl)C(Cl)=C(Cl)C1(Cl)C2(Cl)Cl,2,O=S1OCC2C(CO1)C1(Cl)C(Cl)=C(Cl)C2(Cl)C1(Cl)Cl->O=S1(=O)OCC2C(CO1)C1(Cl)C(Cl)=C(Cl)C2(Cl)C1(Cl)Cl->C=C1C(COS(=O)(=O)[O-])C2(Cl)C(Cl)=C(Cl)C1(Cl)C2(Cl)Cl->C=C1C(CO)C2(Cl)C(Cl)=C(Cl)C1(Cl)C2(Cl)Cl
FR-BBD3-PARENT-c1267,eclipse_noec,3,COC(=O)c1cccc(CO)c1,COC(=O)c1cccc(C(=O)[O-])c1,O=C([O-])c1cccc(C(=O)[O-])c1,1,COC(=O)c1cccc(C(=O)[O-])c1->COC(=O)c1cccc(CO)c1->COCc1cccc(C(=O)[O-])c1->O=C([O-])c1cccc(C(=O)[O-])c1
FR-BBD3-PARENT-c1267,eclipse_noec,3,COCc1cccc(C(=O)[O-])c1,COC(=O)c1cccc(C(=O)[O-])c1,O=C([O-])c1cccc(C(=O)[O-])c1,2,COC(=O)c1cccc(C(=O)[O-])c1->COC(=O)c1cccc(CO)c1->COCc1cccc(C(=O)[O-])c1->O=C([O-])c1cccc(C(=O)[O-])c1
FR-BBD3-PARENT-c1296,eclipse_noec,3,Cc1nnc(-c2ccccc2)c(=O)[nH]1,Cc1nnc(-c2ccccc2)c(=O)n1N,CC(=O)NN=C(C(=O)[O-])c1ccccc1,1,Cc1nnc(-c2ccccc2)c(=O)n1N->Cc1nnc(-c2ccccc2)c(=O)[nH]1->CC(=O)NN=C(C(=O)[O-])c1ccccc1
FR-BBD3-PARENT-c1481,eclipse_noec,3,CO.COP(=O)([O-])[O-],COP(=O)([O-])[O-],O=P([O-])([O-])[O-],3,COP(=O)([O-])[O-]->CO.COP(=O)([O-])[O-]->O=P([O-])([O-])[O-]
FR-BBD3-CAND-c0257,eclipse_noec,3,Nc1nc(NC2CC2)nc(N)[n+]1[O-],Nc1nc(N)nc(NC2CC2)n1,Nc1nc(O)nc(NC2CC2)n1,1,Nc1nc(N)nc(NC2CC2)n1->Nc1nc(NC2CC2)nc(N)[n+]1[O-]->Nc1nc(NC2CC2)[n+]([O-])c(=O)[nH]1->Nc1nc(O)nc(NC2CC2)n1
FR-BBD3-CAND-c0257,eclipse_noec,3,Nc1nc(NC2CC2)[n+]([O-])c(=O)[nH]1,Nc1nc(N)nc(NC2CC2)n1,Nc1nc(O)nc(NC2CC2)n1,2,Nc1nc(N)nc(NC2CC2)n1->Nc1nc(NC2CC2)nc(N)[n+]1[O-]->Nc1nc(NC2CC2)[n+]([O-])c(=O)[nH]1->Nc1nc(O)nc(NC2CC2)n1
FR-BBD3-CAND-c0141,eclipse_noec,3,ClC1=CC(Cl)C(Cl)C(Cl)C1,ClC1=CC(Cl)C(Cl)C(Cl)C1Cl,Clc1ccc(Cl)c(Cl)c1,2,ClC1=CC(Cl)C(Cl)C(Cl)C1Cl->ClC1=CC(Cl)C(Cl)C(Cl)C1->Clc1cc(Cl)c(Cl)c(Cl)c1->Clc1ccc(Cl)c(Cl)c1
FR-BBD3-CAND-c0141,eclipse_noec,3,Clc1cc(Cl)c(Cl)c(Cl)c1,ClC1=CC(Cl)C(Cl)C(Cl)C1Cl,Clc1ccc(Cl)c(Cl)c1,2,ClC1=CC(Cl)C(Cl)C(Cl)C1Cl->ClC1=CC(Cl)C(Cl)C(Cl)C1->Clc1cc(Cl)c(Cl)c(Cl)c1->Clc1ccc(Cl)c(Cl)c1
FR-BBD3-CAND-c1570,eclipse_noec,3,O=C([O-])CC(=O)[O-],O=C([O-])CC(NC(CC(=O)[O-])C(=O)[O-])C(=O)[O-],O=C([O-])C=CC(=O)[O-],2,O=C([O-])CC(NC(CC(=O)[O-])C(=O)[O-])C(=O)[O-]->NC(CC(=O)[O-])C(=O)[O-]->O=C([O-])CC(=O)[O-]->O=C([O-])CC(=O)[O-].O=C([O-])CC(=O)[O-]->O=C([O-])CC(=O)[O-].O=CC(=O)[O-]->O=C([O-])C=CC(=O)[O-]
FR-BBD3-CAND-c1570,eclipse_noec,3,O=C([O-])CC(=O)[O-].O=C([O-])CC(=O)[O-],O=C([O-])CC(NC(CC(=O)[O-])C(=O)[O-])C(=O)[O-],O=C([O-])C=CC(=O)[O-],3,O=C([O-])CC(NC(CC(=O)[O-])C(=O)[O-])C(=O)[O-]->NC(CC(=O)[O-])C(=O)[O-]->O=C([O-])CC(=O)[O-]->O=C([O-])CC(=O)[O-].O=C([O-])CC(=O)[O-]->O=C([O-])CC(=O)[O-].O=CC(=O)[O-]->O=C([O-])C=CC(=O)[O-]
FR-BBD3-CAND-c1570,eclipse_noec,3,O=C([O-])CC(=O)[O-].O=CC(=O)[O-],O=C([O-])CC(NC(CC(=O)[O-])C(=O)[O-])C(=O)[O-],O=C([O-])C=CC(=O)[O-],4,O=C([O-])CC(NC(CC(=O)[O-])C(=O)[O-])C(=O)[O-]->NC(CC(=O)[O-])C(=O)[O-]->O=C([O-])CC(=O)[O-]->O=C([O-])CC(=O)[O-].O=C([O-])CC(=O)[O-]->O=C([O-])CC(=O)[O-].O=CC(=O)[O-]->O=C([O-])C=CC(=O)[O-]
FR-BBD3-CAND-c0347,eclipse_noec,3,C=O.CS(=O)(=O)[O-],CS(=O)(=O)[O-],O=S([O-])[O-],1,CS(=O)(=O)[O-]->C=O.CS(=O)(=O)[O-]->O=S(=O)([O-])CO->O=S([O-])[O-]
FR-BBD3-CAND-c0347,eclipse_noec,3,O=S(=O)([O-])CO,CS(=O)(=O)[O-],O=S([O-])[O-],2,CS(=O)(=O)[O-]->C=O.CS(=O)(=O)[O-]->O=S(=O)([O-])CO->O=S([O-])[O-]
FR-BBD3-PARENT-c0006,eclipse_noec,5,O=C([O-])c1ccc(O)cc1O,O=C([O-])c1cc(O)c(O)c(O)c1,Oc1cccc(O)c1O,1,O=C([O-])c1cc(O)c(O)c(O)c1->O=C([O-])c1ccc(O)cc1O->O=C([O-])c1ccccc1O->O=C([O-])c1cccc(O)c1O->Oc1cccc(O)c1O
FR-BBD3-PARENT-c0006,eclipse_noec,5,O=C([O-])c1ccccc1O,O=C([O-])c1cc(O)c(O)c(O)c1,Oc1cccc(O)c1O,2,O=C([O-])c1cc(O)c(O)c(O)c1->O=C([O-])c1ccc(O)cc1O->O=C([O-])c1ccccc1O->O=C([O-])c1cccc(O)c1O->Oc1cccc(O)c1O
FR-BBD3-PARENT-c0006,eclipse_noec,5,O=C([O-])c1cccc(O)c1O,O=C([O-])c1cc(O)c(O)c(O)c1,Oc1cccc(O)c1O,3,O=C([O-])c1cc(O)c(O)c(O)c1->O=C([O-])c1ccc(O)cc1O->O=C([O-])c1ccccc1O->O=C([O-])c1cccc(O)c1O->Oc1cccc(O)c1O
FR-BBD3-PARENT-c0018,eclipse_noec,5,O=C(CCl)CCl,OC(CCl)CCl,ClCC1CO1,1,OC(CCl)CCl->O=C(CCl)CCl->ClCC1CO1
FR-BBD3-PARENT-c0163,eclipse_noec,5,O=C([O-])NC(=O)NC(=O)[O-],NC(=O)NC(N)=O,NC(=O)NC(=O)[O-],2,NC(=O)NC(N)=O->O=C([O-])NC(=O)NC(=O)[O-]->NC(=O)NC(=O)[O-]
FR-BBD3-PARENT-c0233,eclipse_noec,5,ClCCCl,ClCCl,C=O,1,ClCCl->ClCCCl->CC(Cl)CCl->C=O
FR-BBD3-PARENT-c0233,eclipse_noec,5,CC(Cl)CCl,ClCCl,C=O,2,ClCCl->ClCCCl->CC(Cl)CCl->C=O
FR-BBD3-PARENT-c0286,eclipse_noec,5,O=C([O-])CCCl,O=C([O-])C=CCl,O=CCC(=O)[O-],1,O=C([O-])C=CCl->O=C([O-])CCCl->O=C([O-])CCO->O=CCC(=O)[O-]
FR-BBD3-PARENT-c0286,eclipse_noec,5,O=C([O-])CCO,O=C([O-])C=CCl,O=CCC(=O)[O-],2,O=C([O-])C=CCl->O=C([O-])CCCl->O=C([O-])CCO->O=CCC(=O)[O-]
FR-BBD3-PARENT-c0288,eclipse_noec,5,O=C([O-])C(O)Oc1ccc(Cl)cc1Cl,O=C([O-])COc1ccc(Cl)cc1Cl,Oc1ccc(Cl)cc1Cl,1,O=C([O-])COc1ccc(Cl)cc1Cl->O=C([O-])C(O)Oc1ccc(Cl)cc1Cl->O=C([O-])C(=O)[O-].Oc1ccc(Cl)cc1Cl->Oc1ccc(Cl)cc1Cl
FR-BBD3-PARENT-c0288,eclipse_noec,5,O=C([O-])C(=O)[O-].Oc1ccc(Cl)cc1Cl,O=C([O-])COc1ccc(Cl)cc1Cl,Oc1ccc(Cl)cc1Cl,2,O=C([O-])COc1ccc(Cl)cc1Cl->O=C([O-])C(O)Oc1ccc(Cl)cc1Cl->O=C([O-])C(=O)[O-].Oc1ccc(Cl)cc1Cl->Oc1ccc(Cl)cc1Cl
FR-BBD3-PARENT-c0288,eclipse_noec,5,O=C([O-])C(O)Oc1ccc(Cl)cc1,O=C([O-])COc1ccc(Cl)cc1,Oc1ccc(Cl)cc1,2,O=C([O-])COc1ccc(Cl)cc1->O=C([O-])C(O)Oc1ccc(Cl)cc1->O=C([O-])C(=O)[O-].Oc1ccc(Cl)cc1->Oc1ccc(Cl)cc1
FR-BBD3-PARENT-c0288,eclipse_noec,5,O=C([O-])C(=O)[O-].Oc1ccc(Cl)cc1,O=C([O-])COc1ccc(Cl)cc1,Oc1ccc(Cl)cc1,3,O=C([O-])COc1ccc(Cl)cc1->O=C([O-])C(O)Oc1ccc(Cl)cc1->O=C([O-])C(=O)[O-].Oc1ccc(Cl)cc1->Oc1ccc(Cl)cc1
FR-BBD3-PARENT-c0345,eclipse_noec,5,O=C([O-])c1ccccc1O,Nc1ccccc1C(=O)[O-],O=C([O-])c1cccc(O)c1O,1,Nc1ccccc1C(=O)[O-]->O=C([O-])c1ccccc1O->O=C([O-])c1cccc(O)c1O
FR-BBD3-PARENT-c0352,eclipse_noec,5,O=C([O-])C1CC1,NC1(C(=O)[O-])CC1,CCC(=O)C(=O)[O-],1,NC1(C(=O)[O-])CC1->O=C([O-])C1CC1->O=C([O-])C1(O)CC1->CCC(=O)C(=O)[O-]
FR-BBD3-PARENT-c0352,eclipse_noec,5,O=C([O-])C1(O)CC1,NC1(C(=O)[O-])CC1,CCC(=O)C(=O)[O-],2,NC1(C(=O)[O-])CC1->O=C([O-])C1CC1->O=C([O-])C1(O)CC1->CCC(=O)C(=O)[O-]
FR-BBD3-PARENT-c0639,eclipse_noec,5,O=[N+]([O-])N1C=NCN(NO)C1,O=[N+]([O-])N1C=NCN([N+](=O)[O-])C1,O=[N+]([O-])N1C=NC=NC1,2,O=[N+]([O-])N1C=NCN([N+](=O)[O-])C1->O=[N+]([O-])N1C=NCN(NO)C1->O=[N+]([O-])N1C=NC=NC1
FR-BBD3-PARENT-c0653,eclipse_noec,5,CC(C)N(C(=O)C(Cl)C(=O)[O-])c1ccccc1,CC(C)N(C(=O)CCl)c1ccccc1,CC(C)NC(=O)CCl,1,CC(C)N(C(=O)CCl)c1ccccc1->CC(C)N(C(=O)C(Cl)C(=O)[O-])c1ccccc1->CC(C)NC(=O)CCl
FR-BBD3-PARENT-c0691,eclipse_noec,5,C=O.O=P([O-])([O-])O,CP(=O)([O-])[O-],O=P([O-])([O-])[O-],3,CP(=O)([O-])[O-]->C=O.O=P([O-])([O-])O->O=P([O-])([O-])[O-]
FR-BBD3-PARENT-c0691,eclipse_noec,5,C=O.CP(=O)([O-])O,CP(C)(=O)[O-],CP(=O)([O-])[O-],1,CP(C)(=O)[O-]->C=O.CP(=O)([O-])O->CP(=O)([O-])[O-]
FR-BBD3-PARENT-c0765,eclipse_noec,5,Nc1ccc(Cl)cc1-c1ccc(Cl)cc1,Nc1ccc(Cl)cc1,Oc1ccc(Cl)cc1O,2,Nc1ccc(Cl)cc1->Nc1ccc(Cl)cc1-c1ccc(Cl)cc1->Nc1ccc(Cl)cc1-c1ccccc1->Nc1ccc(Cl)cc1O->Oc1ccc(Cl)cc1O
FR-BBD3-PARENT-c0765,eclipse_noec,5,Nc1ccc(Cl)cc1-c1ccccc1,Nc1ccc(Cl)cc1,Oc1ccc(Cl)cc1O,3,Nc1ccc(Cl)cc1->Nc1ccc(Cl)cc1-c1ccc(Cl)cc1->Nc1ccc(Cl)cc1-c1ccccc1->Nc1ccc(Cl)cc1O->Oc1ccc(Cl)cc1O
FR-BBD3-PARENT-c0765,eclipse_noec,5,Nc1ccc(Cl)cc1O,Nc1ccc(Cl)cc1,Oc1ccc(Cl)cc1O,4,Nc1ccc(Cl)cc1->Nc1ccc(Cl)cc1-c1ccc(Cl)cc1->Nc1ccc(Cl)cc1-c1ccccc1->Nc1ccc(Cl)cc1O->Oc1ccc(Cl)cc1O
FR-BBD3-PARENT-c0941,eclipse_noec,5,C1CCC(OC2CCCCC2)CC1,C1CCCCC1,OC1CCCCC1,1,C1CCCCC1->C1CCC(OC2CCCCC2)CC1->OC1CCCCC1
FR-BBD3-PARENT-c0991,eclipse_noec,5,Oc1c2ccccc2c(O)c2ccccc12,O=C1c2ccccc2C(=O)c2ccccc21,O=C([O-])c1ccccc1C(=O)[O-],3,O=C1c2ccccc2C(=O)c2ccccc21->Oc1c2ccccc2c(O)c2ccccc12->O=C([O-])c1ccccc1C(=O)[O-]
FR-BBD3-PARENT-c0991,eclipse_noec,5,OC1c2ccccc2Cc2ccccc21,c1ccc2cc3ccccc3cc2c1,O=C1c2ccccc2C(=O)c2ccccc21,1,c1ccc2cc3ccccc3cc2c1->OC1c2ccccc2Cc2ccccc21->O=C1c2ccccc2C(=O)c2ccccc21
FR-BBD3-PARENT-c1013,eclipse_noec,5,CC(C)=CCCC(C)CC(=O)O,CC(C)=CCCC(C)CC=O,CC(C)=CCCC(C)CC(=O)[O-],2,CC(C)=CCCC(C)CC=O->CC(C)=CCCC(C)CC(=O)O->CC(C)=CCCC(C)CC(=O)OCC1CO1->CC(C)=CCCC(C)CC(=O)[O-]
FR-BBD3-PARENT-c1013,eclipse_noec,5,CC(C)=CCCC(C)CC(=O)OCC1CO1,CC(C)=CCCC(C)CC=O,CC(C)=CCCC(C)CC(=O)[O-],3,CC(C)=CCCC(C)CC=O->CC(C)=CCCC(C)CC(=O)O->CC(C)=CCCC(C)CC(=O)OCC1CO1->CC(C)=CCCC(C)CC(=O)[O-]
FR-BBD3-PARENT-c1019,eclipse_noec,5,OSc1nc2ccccc2s1,Sc1nc2ccccc2s1,O=S(=O)([O-])c1nc2ccccc2s1,2,Sc1nc2ccccc2s1->c1ccc2sc(SSc3nc4ccccc4s3)nc2c1->OSc1nc2ccccc2s1->O=S(=O)([O-])c1nc2ccccc2s1
FR-BBD3-PARENT-c1066,eclipse_noec,5,CC1CC(=O)C(C(C)C)=C(O)C1,CC1CC=C(C(C)C)C(=O)C1,CC1CC(=O)C(C(C)C)C(O)C1,2,CC1CC=C(C(C)C)C(=O)C1->CC1CC(=O)C(C(C)C)=C(O)C1->CC1CC(=O)C(C(C)C)C(O)C1
FR-BBD3-PARENT-c1094,eclipse_noec,5,Cn1c(=O)c2[nH]c(=O)n(C)c2n(C)c1=O,Cn1c(=O)c2c(ncn2C)n(C)c1=O,Cn1c(=O)c2c([nH]c(=O)n2C)n(C)c1=O,1,Cn1c(=O)c2c(ncn2C)n(C)c1=O->Cn1c(=O)c2[nH]c(=O)n(C)c2n(C)c1=O->Cn1c(=O)c2c([nH]c(=O)n2C)n(C)c1=O
FR-BBD3-PARENT-c1188,eclipse_noec,5,C=C1C(COS(=O)(=O)[O-])C2(Cl)C(Cl)=C(Cl)C1(Cl)C2(Cl)Cl,O=S1OCC2C(CO1)C1(Cl)C(Cl)=C(Cl)C2(Cl)C1(Cl)Cl,C=C1C(CO)C2(Cl)C(Cl)=C(Cl)C1(Cl)C2(Cl)Cl,2,O=S1OCC2C(CO1)C1(Cl)C(Cl)=C(Cl)C2(Cl)C1(Cl)Cl->O=S1(=O)OCC2C(CO1)C1(Cl)C(Cl)=C(Cl)C2(Cl)C1(Cl)Cl->C=C1C(COS(=O)(=O)[O-])C2(Cl)C(Cl)=C(Cl)C1(Cl)C2(Cl)Cl->C=C1C(CO)C2(Cl)C(Cl)=C(Cl)C1(Cl)C2(Cl)Cl
FR-BBD3-PARENT-c1267,eclipse_noec,5,COC(=O)c1cccc(CO)c1,COC(=O)c1cccc(C(=O)[O-])c1,O=C([O-])c1cccc(C(=O)[O-])c1,1,COC(=O)c1cccc(C(=O)[O-])c1->COC(=O)c1cccc(CO)c1->COCc1cccc(C(=O)[O-])c1->O=C([O-])c1cccc(C(=O)[O-])c1
FR-BBD3-PARENT-c1267,eclipse_noec,5,COCc1cccc(C(=O)[O-])c1,COC(=O)c1cccc(C(=O)[O-])c1,O=C([O-])c1cccc(C(=O)[O-])c1,2,COC(=O)c1cccc(C(=O)[O-])c1->COC(=O)c1cccc(CO)c1->COCc1cccc(C(=O)[O-])c1->O=C([O-])c1cccc(C(=O)[O-])c1
FR-BBD3-PARENT-c1296,eclipse_noec,5,Cc1nnc(-c2ccccc2)c(=O)[nH]1,Cc1nnc(-c2ccccc2)c(=O)n1N,CC(=O)NN=C(C(=O)[O-])c1ccccc1,1,Cc1nnc(-c2ccccc2)c(=O)n1N->Cc1nnc(-c2ccccc2)c(=O)[nH]1->CC(=O)NN=C(C(=O)[O-])c1ccccc1
FR-BBD3-PARENT-c1352,eclipse_noec,5,CCN(CC)C(C)C,CCNCC,CC=O,2,CCNCC->CCN(CC)C(C)C->CCN(C(C)C)C(C)C->CC=O
FR-BBD3-PARENT-c1352,eclipse_noec,5,CCN(C(C)C)C(C)C,CCNCC,CC=O,3,CCNCC->CCN(CC)C(C)C->CCN(C(C)C)C(C)C->CC=O
FR-BBD3-PARENT-c1354,eclipse_noec,5,C=O.CCO,C1COCCO1,OCCO,1,C1COCCO1->C=O.CCO->OCCO
FR-BBD3-PARENT-c1441,eclipse_noec,5,C=O.CCc1cccc(CC)c1NC(=O)CCl,CCc1cccc(CC)c1N(COC)C(=O)CCl,C=O,1,CCc1cccc(CC)c1N(COC)C(=O)CCl->C=O.CCc1cccc(CC)c1NC(=O)CCl->C=O
FR-BBD3-PARENT-c1441,eclipse_noec,5,CCc1cccc2c1N(C(=O)CO)CC2,CCc1cccc2c1N(C(=O)CCl)CC2,CCc1cccc2c1NCC2,3,CCc1cccc2c1N(C(=O)CCl)CC2->CCc1cccc2c1N(C(=O)CO)CC2->CCc1cccc2c1NCC2
FR-BBD3-PARENT-c1481,eclipse_noec,5,CO.COP(=O)([O-])[O-],COP(=O)([O-])[O-],O=P([O-])([O-])[O-],3,COP(=O)([O-])[O-]->CO.COP(=O)([O-])[O-]->O=P([O-])([O-])[O-]
FR-BBD3-PARENT-c1481,eclipse_noec,5,CO.[O-],COP(=O)([O-])SC,CO,2,COP(=O)([O-])SC->CO.[O-]->CO
FR-BBD3-CAND-c0620,eclipse_noec,5,O=C([O-])CCCl,O=C([O-])C=CCl,O=CCC(=O)[O-],1,O=C([O-])C=CCl->O=C([O-])CCCl->O=C([O-])CCO->O=CCC(=O)[O-]
FR-BBD3-CAND-c0620,eclipse_noec,5,O=C([O-])CCO,O=C([O-])C=CCl,O=CCC(=O)[O-],2,O=C([O-])C=CCl->O=C([O-])CCCl->O=C([O-])CCO->O=CCC(=O)[O-]
FR-BBD3-CAND-c0282,eclipse_noec,5,Cc1cccc(OCc2ccccc2)c1,Cc1cccc(O)c1,OCc1cccc(O)c1,1,Cc1cccc(O)c1->Cc1cccc(OCc2ccccc2)c1->OCc1cccc(O)c1
FR-BBD3-CAND-c0257,eclipse_noec,5,Nc1nc(NC2CC2)nc(N)[n+]1[O-],Nc1nc(N)nc(NC2CC2)n1,Nc1nc(O)nc(NC2CC2)n1,1,Nc1nc(N)nc(NC2CC2)n1->Nc1nc(NC2CC2)nc(N)[n+]1[O-]->Nc1nc(NC2CC2)[n+]([O-])c(=O)[nH]1->Nc1nc(O)nc(NC2CC2)n1
FR-BBD3-CAND-c0257,eclipse_noec,5,Nc1nc(NC2CC2)[n+]([O-])c(=O)[nH]1,Nc1nc(N)nc(NC2CC2)n1,Nc1nc(O)nc(NC2CC2)n1,2,Nc1nc(N)nc(NC2CC2)n1->Nc1nc(NC2CC2)nc(N)[n+]1[O-]->Nc1nc(NC2CC2)[n+]([O-])c(=O)[nH]1->Nc1nc(O)nc(NC2CC2)n1
FR-BBD3-CAND-c0141,eclipse_noec,5,ClC1=CC(Cl)C(Cl)C(Cl)C1,ClC1=CC(Cl)C(Cl)C(Cl)C1Cl,Clc1ccc(Cl)c(Cl)c1,2,ClC1=CC(Cl)C(Cl)C(Cl)C1Cl->ClC1=CC(Cl)C(Cl)C(Cl)C1->Clc1cc(Cl)c(Cl)c(Cl)c1->Clc1ccc(Cl)c(Cl)c1
FR-BBD3-CAND-c0141,eclipse_noec,5,Clc1cc(Cl)c(Cl)c(Cl)c1,ClC1=CC(Cl)C(Cl)C(Cl)C1Cl,Clc1ccc(Cl)c(Cl)c1,2,ClC1=CC(Cl)C(Cl)C(Cl)C1Cl->ClC1=CC(Cl)C(Cl)C(Cl)C1->Clc1cc(Cl)c(Cl)c(Cl)c1->Clc1ccc(Cl)c(Cl)c1
FR-BBD3-CAND-c1570,eclipse_noec,5,O=C([O-])CC(=O)[O-].O=CC(=O)[O-],O=C([O-])CC(NC(CC(=O)[O-])C(=O)[O-])C(=O)[O-],O=C([O-])C=CC(=O)[O-],2,O=C([O-])CC(NC(CC(=O)[O-])C(=O)[O-])C(=O)[O-]->NC(CC(=O)[O-])C(=O)[O-]->O=C([O-])CC(=O)[O-].O=CC(=O)[O-]->O=C([O-])C=CC(=O)[O-]
FR-BBD3-CAND-c0347,eclipse_noec,5,C=O.CS(=O)(=O)[O-],CS(=O)(=O)[O-],O=S([O-])[O-],1,CS(=O)(=O)[O-]->C=O.CS(=O)(=O)[O-]->O=S(=O)([O-])CO->O=S([O-])[O-]
FR-BBD3-CAND-c0347,eclipse_noec,5,O=S(=O)([O-])CO,CS(=O)(=O)[O-],O=S([O-])[O-],2,CS(=O)(=O)[O-]->C=O.CS(=O)(=O)[O-]->O=S(=O)([O-])CO->O=S([O-])[O-]
FR-BBD3-PARENT-c0006,eclipse_noec,10,O=C([O-])c1ccc(O)cc1O,O=C([O-])c1cc(O)c(O)c(O)c1,Oc1cccc(O)c1O,1,O=C([O-])c1cc(O)c(O)c(O)c1->O=C([O-])c1ccc(O)cc1O->O=C([O-])c1ccccc1O->O=C([O-])c1cccc(O)c1O->Oc1cccc(O)c1O
FR-BBD3-PARENT-c0006,eclipse_noec,10,O=C([O-])c1ccccc1O,O=C([O-])c1cc(O)c(O)c(O)c1,Oc1cccc(O)c1O,2,O=C([O-])c1cc(O)c(O)c(O)c1->O=C([O-])c1ccc(O)cc1O->O=C([O-])c1ccccc1O->O=C([O-])c1cccc(O)c1O->Oc1cccc(O)c1O
FR-BBD3-PARENT-c0006,eclipse_noec,10,O=C([O-])c1cccc(O)c1O,O=C([O-])c1cc(O)c(O)c(O)c1,Oc1cccc(O)c1O,3,O=C([O-])c1cc(O)c(O)c(O)c1->O=C([O-])c1ccc(O)cc1O->O=C([O-])c1ccccc1O->O=C([O-])c1cccc(O)c1O->Oc1cccc(O)c1O
FR-BBD3-PARENT-c0018,eclipse_noec,10,O=C(CCl)CCl,OC(CCl)CCl,ClCC1CO1,1,OC(CCl)CCl->O=C(CCl)CCl->ClCC1CO1
FR-BBD3-PARENT-c0163,eclipse_noec,10,O=C([O-])NC(=O)NC(=O)[O-],NC(=O)NC(N)=O,NC(=O)NC(=O)[O-],2,NC(=O)NC(N)=O->O=C([O-])NC(=O)NC(=O)[O-]->NC(=O)NC(=O)[O-]
FR-BBD3-PARENT-c0233,eclipse_noec,10,ClCCCl,ClCCl,C=O,1,ClCCl->ClCCCl->CC(Cl)CCl->C=O
FR-BBD3-PARENT-c0233,eclipse_noec,10,CC(Cl)CCl,ClCCl,C=O,2,ClCCl->ClCCCl->CC(Cl)CCl->C=O
FR-BBD3-PARENT-c0236,eclipse_noec,10,C=O.CS(C)=O,CS(C)=O,CSC,1,CS(C)=O->C=O.CS(C)=O->CSC
FR-BBD3-PARENT-c0286,eclipse_noec,10,O=C([O-])CCCl,O=C([O-])C=CCl,O=CCC(=O)[O-],1,O=C([O-])C=CCl->O=C([O-])CCCl->O=C([O-])CCO->O=CCC(=O)[O-]
FR-BBD3-PARENT-c0286,eclipse_noec,10,O=C([O-])CCO,O=C([O-])C=CCl,O=CCC(=O)[O-],2,O=C([O-])C=CCl->O=C([O-])CCCl->O=C([O-])CCO->O=CCC(=O)[O-]
FR-BBD3-PARENT-c0288,eclipse_noec,10,O=C([O-])C(O)Oc1ccc(Cl)cc1Cl,O=C([O-])COc1ccc(Cl)cc1Cl,Oc1ccc(Cl)cc1Cl,1,O=C([O-])COc1ccc(Cl)cc1Cl->O=C([O-])C(O)Oc1ccc(Cl)cc1Cl->O=C([O-])C(=O)[O-].Oc1ccc(Cl)cc1Cl->Oc1ccc(Cl)cc1Cl
FR-BBD3-PARENT-c0288,eclipse_noec,10,O=C([O-])C(=O)[O-].Oc1ccc(Cl)cc1Cl,O=C([O-])COc1ccc(Cl)cc1Cl,Oc1ccc(Cl)cc1Cl,2,O=C([O-])COc1ccc(Cl)cc1Cl->O=C([O-])C(O)Oc1ccc(Cl)cc1Cl->O=C([O-])C(=O)[O-].Oc1ccc(Cl)cc1Cl->Oc1ccc(Cl)cc1Cl
FR-BBD3-PARENT-c0288,eclipse_noec,10,O=C([O-])C(O)Oc1ccc(Cl)cc1,O=C([O-])COc1ccc(Cl)cc1,Oc1ccc(Cl)cc1,2,O=C([O-])COc1ccc(Cl)cc1->O=C([O-])C(O)Oc1ccc(Cl)cc1->O=C([O-])C(=O)[O-].Oc1ccc(Cl)cc1->Oc1ccc(Cl)cc1
FR-BBD3-PARENT-c0288,eclipse_noec,10,O=C([O-])C(=O)[O-].Oc1ccc(Cl)cc1,O=C([O-])COc1ccc(Cl)cc1,Oc1ccc(Cl)cc1,3,O=C([O-])COc1ccc(Cl)cc1->O=C([O-])C(O)Oc1ccc(Cl)cc1->O=C([O-])C(=O)[O-].Oc1ccc(Cl)cc1->Oc1ccc(Cl)cc1
FR-BBD3-PARENT-c0345,eclipse_noec,10,O=C([O-])c1ccccc1O,Nc1ccccc1C(=O)[O-],O=C([O-])c1cccc(O)c1O,1,Nc1ccccc1C(=O)[O-]->O=C([O-])c1ccccc1O->O=C([O-])c1cccc(O)c1O
FR-BBD3-PARENT-c0352,eclipse_noec,10,O=C([O-])C1CC1,NC1(C(=O)[O-])CC1,CCC(=O)C(=O)[O-],1,NC1(C(=O)[O-])CC1->O=C([O-])C1CC1->O=C([O-])C1(O)CC1->CCC(=O)C(=O)[O-]
FR-BBD3-PARENT-c0352,eclipse_noec,10,O=C([O-])C1(O)CC1,NC1(C(=O)[O-])CC1,CCC(=O)C(=O)[O-],2,NC1(C(=O)[O-])CC1->O=C([O-])C1CC1->O=C([O-])C1(O)CC1->CCC(=O)C(=O)[O-]
FR-BBD3-PARENT-c0604,eclipse_noec,10,O=C1CC2CC3CC1CC(O)(C2)C3,O=C1C2CC3CC(C2)CC1C3,O=C1C2CC3CC1CC(O)(C3)C2,3,O=C1C2CC3CC(C2)CC1C3->O=C1OC2CC3CC(C2)CC1C3->O=C1OC2CC3CC1CC(O)(C3)C2->O=C1CC2CC3CC1CC(O)(C2)C3->O=C1C2CC3CC1CC(O)(C3)C2
FR-BBD3-PARENT-c0653,eclipse_noec,10,CC(C)N(C(=O)C(Cl)C(=O)[O-])c1ccccc1,CC(C)N(C(=O)CCl)c1ccccc1,CC(C)NC(=O)CCl,1,CC(C)N(C(=O)CCl)c1ccccc1->CC(C)N(C(=O)C(Cl)C(=O)[O-])c1ccccc1->CC(C)NC(=O)CCl
FR-BBD3-PARENT-c0691,eclipse_noec,10,C=O.O=P([O-])([O-])O,CP(=O)([O-])[O-],O=P([O-])([O-])[O-],3,CP(=O)([O-])[O-]->C=O.O=P([O-])([O-])O->O=P([O-])([O-])[O-]
FR-BBD3-PARENT-c0691,eclipse_noec,10,C=O.CP(=O)([O-])O,CP(C)(=O)[O-],CP(=O)([O-])[O-],1,CP(C)(=O)[O-]->C=O.CP(=O)([O-])O->CP(=O)([O-])[O-]
FR-BBD3-PARENT-c0765,eclipse_noec,10,Nc1ccc(Cl)cc1-c1ccc(Cl)cc1,Nc1ccc(Cl)cc1,Oc1ccc(Cl)cc1O,2,Nc1ccc(Cl)cc1->Nc1ccc(Cl)cc1-c1ccc(Cl)cc1->Nc1ccc(Cl)cc1-c1ccccc1->Nc1ccc(Cl)cc1O->Oc1ccc(Cl)cc1O
FR-BBD3-PARENT-c0765,eclipse_noec,10,Nc1ccc(Cl)cc1-c1ccccc1,Nc1ccc(Cl)cc1,Oc1ccc(Cl)cc1O,3,Nc1ccc(Cl)cc1->Nc1ccc(Cl)cc1-c1ccc(Cl)cc1->Nc1ccc(Cl)cc1-c1ccccc1->Nc1ccc(Cl)cc1O->Oc1ccc(Cl)cc1O
FR-BBD3-PARENT-c0765,eclipse_noec,10,Nc1ccc(Cl)cc1O,Nc1ccc(Cl)cc1,Oc1ccc(Cl)cc1O,1,Nc1ccc(Cl)cc1->Nc1ccc(Cl)cc1-c1ccc(Cl)cc1->Nc1ccc(Cl)cc1-c1ccccc1->Nc1ccc(Cl)cc1O->Oc1ccc(Cl)cc1O
FR-BBD3-PARENT-c0941,eclipse_noec,10,C1CCC(OC2CCCCC2)CC1,C1CCCCC1,OC1CCCCC1,1,C1CCCCC1->C1CCC(OC2CCCCC2)CC1->OC1CCCCC1
FR-BBD3-PARENT-c0991,eclipse_noec,10,Oc1c2ccccc2c(O)c2ccccc12,O=C1c2ccccc2C(=O)c2ccccc21,O=C([O-])c1ccccc1C(=O)[O-],3,O=C1c2ccccc2C(=O)c2ccccc21->Oc1c2ccccc2c(O)c2ccccc12->O=C([O-])c1ccccc1C(=O)[O-]
FR-BBD3-PARENT-c0991,eclipse_noec,10,OC1c2ccccc2Cc2ccccc21,c1ccc2cc3ccccc3cc2c1,O=C1c2ccccc2C(=O)c2ccccc21,1,c1ccc2cc3ccccc3cc2c1->OC1c2ccccc2Cc2ccccc21->O=C1c2ccccc2C(=O)c2ccccc21
FR-BBD3-PARENT-c1013,eclipse_noec,10,CC(C)=CCCC(C)CC(=O)O,CC(C)=CCCC(C)CC=O,CC(C)=CCCC(C)CC(=O)[O-],2,CC(C)=CCCC(C)CC=O->CC(C)=CCCC(C)CC(=O)O->CC(C)=CCCC(C)CC(=O)OCC1CO1->CC(C)=CCCC(C)CC(=O)[O-]
FR-BBD3-PARENT-c1013,eclipse_noec,10,CC(C)=CCCC(C)CC(=O)OCC1CO1,CC(C)=CCCC(C)CC=O,CC(C)=CCCC(C)CC(=O)[O-],3,CC(C)=CCCC(C)CC=O->CC(C)=CCCC(C)CC(=O)O->CC(C)=CCCC(C)CC(=O)OCC1CO1->CC(C)=CCCC(C)CC(=O)[O-]
FR-BBD3-PARENT-c1019,eclipse_noec,10,OSc1nc2ccccc2s1,Sc1nc2ccccc2s1,O=S(=O)([O-])c1nc2ccccc2s1,2,Sc1nc2ccccc2s1->c1ccc2sc(SSc3nc4ccccc4s3)nc2c1->OSc1nc2ccccc2s1->O=S(=O)([O-])c1nc2ccccc2s1
FR-BBD3-PARENT-c1066,eclipse_noec,10,CC1CC(=O)C(C(C)C)=C(O)C1,CC1CC=C(C(C)C)C(=O)C1,CC1CC(=O)C(C(C)C)C(O)C1,2,CC1CC=C(C(C)C)C(=O)C1->CC1CC(=O)C(C(C)C)=C(O)C1->CC1CC(=O)C(C(C)C)C(O)C1
FR-BBD3-PARENT-c1094,eclipse_noec,10,Cn1c(=O)c2[nH]c(=O)n(C)c2n(C)c1=O,Cn1c(=O)c2c(ncn2C)n(C)c1=O,Cn1c(=O)c2c([nH]c(=O)n2C)n(C)c1=O,1,Cn1c(=O)c2c(ncn2C)n(C)c1=O->Cn1c(=O)c2[nH]c(=O)n(C)c2n(C)c1=O->Cn1c(=O)c2c([nH]c(=O)n2C)n(C)c1=O
FR-BBD3-PARENT-c1188,eclipse_noec,10,C=C1C(COS(=O)(=O)[O-])C2(Cl)C(Cl)=C(Cl)C1(Cl)C2(Cl)Cl,O=S1OCC2C(CO1)C1(Cl)C(Cl)=C(Cl)C2(Cl)C1(Cl)Cl,C=C1C(CO)C2(Cl)C(Cl)=C(Cl)C1(Cl)C2(Cl)Cl,2,O=S1OCC2C(CO1)C1(Cl)C(Cl)=C(Cl)C2(Cl)C1(Cl)Cl->O=S1(=O)OCC2C(CO1)C1(Cl)C(Cl)=C(Cl)C2(Cl)C1(Cl)Cl->C=C1C(COS(=O)(=O)[O-])C2(Cl)C(Cl)=C(Cl)C1(Cl)C2(Cl)Cl->C=C1C(CO)C2(Cl)C(Cl)=C(Cl)C1(Cl)C2(Cl)Cl
FR-BBD3-PARENT-c1267,eclipse_noec,10,COC(=O)c1cccc(CO)c1,COC(=O)c1cccc(C(=O)[O-])c1,O=C([O-])c1cccc(C(=O)[O-])c1,1,COC(=O)c1cccc(C(=O)[O-])c1->COC(=O)c1cccc(CO)c1->COCc1cccc(C(=O)[O-])c1->O=C([O-])c1cccc(C(=O)[O-])c1
FR-BBD3-PARENT-c1267,eclipse_noec,10,COCc1cccc(C(=O)[O-])c1,COC(=O)c1cccc(C(=O)[O-])c1,O=C([O-])c1cccc(C(=O)[O-])c1,2,COC(=O)c1cccc(C(=O)[O-])c1->COC(=O)c1cccc(CO)c1->COCc1cccc(C(=O)[O-])c1->O=C([O-])c1cccc(C(=O)[O-])c1
FR-BBD3-PARENT-c1285,eclipse_noec,10,CNC(=O)Oc1ccc(O)c2c1OC(C)(C)C2,CNC(=O)Oc1cccc2c1OC(C)(C)C2,CC1(C)Cc2c(O)ccc(O)c2O1,1,CNC(=O)Oc1cccc2c1OC(C)(C)C2->CNC(=O)Oc1ccc(O)c2c1OC(C)(C)C2->CC1(C)Cc2c(O)ccc(O)c2O1
FR-BBD3-PARENT-c1296,eclipse_noec,10,Cc1nnc(-c2ccccc2)c(=O)[nH]1,Cc1nnc(-c2ccccc2)c(=O)n1N,CC(=O)NN=C(C(=O)[O-])c1ccccc1,1,Cc1nnc(-c2ccccc2)c(=O)n1N->Cc1nnc(-c2ccccc2)c(=O)[nH]1->CC(=O)NN=C(C(=O)[O-])c1ccccc1
FR-BBD3-PARENT-c1352,eclipse_noec,10,CCN(CC)C(C)C,CCNCC,CC=O,2,CCNCC->CCN(CC)C(C)C->CCN(C(C)C)C(C)C->CC=O
FR-BBD3-PARENT-c1352,eclipse_noec,10,CCN(C(C)C)C(C)C,CCNCC,CC=O,3,CCNCC->CCN(CC)C(C)C->CCN(C(C)C)C(C)C->CC=O
FR-BBD3-PARENT-c1354,eclipse_noec,10,C=O.CCO,C1COCCO1,OCCO,1,C1COCCO1->C=O.CCO->OCCO
FR-BBD3-PARENT-c1441,eclipse_noec,10,C=O.CCc1cccc(CC)c1NC(=O)CCl,CCc1cccc(CC)c1N(COC)C(=O)CCl,C=O,1,CCc1cccc(CC)c1N(COC)C(=O)CCl->C=O.CCc1cccc(CC)c1NC(=O)CCl->C=O
FR-BBD3-PARENT-c1441,eclipse_noec,10,CCc1cccc2c1N(C(=O)CO)CC2,CCc1cccc2c1N(C(=O)CCl)CC2,CCc1cccc2c1NCC2,3,CCc1cccc2c1N(C(=O)CCl)CC2->CCc1cccc2c1N(C(=O)CO)CC2->CCc1cccc2c1NCC2
FR-BBD3-PARENT-c1481,eclipse_noec,10,CO.COP(=O)([O-])[O-],COP(=O)([O-])[O-],O=P([O-])([O-])[O-],2,COP(=O)([O-])[O-]->CO.COP(=O)([O-])[O-]->O=P([O-])([O-])[O-]
FR-BBD3-PARENT-c1481,eclipse_noec,10,CO.[O-],COP(=O)([O-])SC,CO,2,COP(=O)([O-])SC->CO.[O-]->CO
FR-BBD3-CAND-c0620,eclipse_noec,10,O=C([O-])CC(O)Cl,O=C([O-])C=CCl,O=CCC(=O)[O-],1,O=C([O-])C=CCl->O=C([O-])CC(O)Cl->O=CCC(=O)[O-]
FR-BBD3-CAND-c0282,eclipse_noec,10,Cc1cccc(OCc2ccccc2)c1,Cc1cccc(O)c1,OCc1cccc(O)c1,1,Cc1cccc(O)c1->Cc1cccc(OCc2ccccc2)c1->OCc1cccc(O)c1
FR-BBD3-CAND-c0257,eclipse_noec,10,Nc1nc(NC2CC2)nc(N)[n+]1[O-],Nc1nc(N)nc(NC2CC2)n1,Nc1nc(O)nc(NC2CC2)n1,1,Nc1nc(N)nc(NC2CC2)n1->Nc1nc(NC2CC2)nc(N)[n+]1[O-]->Nc1nc(NC2CC2)[n+]([O-])c(=O)[nH]1->Nc1nc(O)nc(NC2CC2)n1
FR-BBD3-CAND-c0257,eclipse_noec,10,Nc1nc(NC2CC2)[n+]([O-])c(=O)[nH]1,Nc1nc(N)nc(NC2CC2)n1,Nc1nc(O)nc(NC2CC2)n1,2,Nc1nc(N)nc(NC2CC2)n1->Nc1nc(NC2CC2)nc(N)[n+]1[O-]->Nc1nc(NC2CC2)[n+]([O-])c(=O)[nH]1->Nc1nc(O)nc(NC2CC2)n1
FR-BBD3-CAND-c0141,eclipse_noec,10,ClC1=CC(Cl)C(Cl)C(Cl)C1,ClC1=CC(Cl)C(Cl)C(Cl)C1Cl,Clc1ccc(Cl)c(Cl)c1,2,ClC1=CC(Cl)C(Cl)C(Cl)C1Cl->ClC1=CC(Cl)C(Cl)C(Cl)C1->Clc1cc(Cl)c(Cl)c(Cl)c1->Clc1ccc(Cl)c(Cl)c1
FR-BBD3-CAND-c0141,eclipse_noec,10,Clc1cc(Cl)c(Cl)c(Cl)c1,ClC1=CC(Cl)C(Cl)C(Cl)C1Cl,Clc1ccc(Cl)c(Cl)c1,2,ClC1=CC(Cl)C(Cl)C(Cl)C1Cl->ClC1=CC(Cl)C(Cl)C(Cl)C1->Clc1cc(Cl)c(Cl)c(Cl)c1->Clc1ccc(Cl)c(Cl)c1
FR-BBD3-CAND-c1570,eclipse_noec,10,O=C([O-])CC(=O)[O-].O=CC(=O)[O-],O=C([O-])CC(NC(CC(=O)[O-])C(=O)[O-])C(=O)[O-],O=C([O-])C=CC(=O)[O-],2,O=C([O-])CC(NC(CC(=O)[O-])C(=O)[O-])C(=O)[O-]->NC(CC(=O)[O-])C(=O)[O-]->O=C([O-])CC(=O)[O-].O=CC(=O)[O-]->O=C([O-])C=CC(=O)[O-]
FR-BBD3-CAND-c0347,eclipse_noec,10,C=O.CS(=O)(=O)[O-],CS(=O)(=O)[O-],O=S([O-])[O-],1,CS(=O)(=O)[O-]->C=O.CS(=O)(=O)[O-]->O=S(=O)([O-])CO->O=S([O-])[O-]
FR-BBD3-CAND-c0347,eclipse_noec,10,O=S(=O)([O-])CO,CS(=O)(=O)[O-],O=S([O-])[O-],2,CS(=O)(=O)[O-]->C=O.CS(=O)(=O)[O-]->O=S(=O)([O-])CO->O=S([O-])[O-]
