full_route_case_id,pollutant_name,tool_id,k,weighted_precision,weighted_recall,weighted_jaccard,rank_type
FR-BBD3-PARENT-c0941,Cyclohexane,biotransformer_envmicro,1,1.0,1.0,1.0,top5
FR-BBD3-PARENT-c0001,"1,2-Dichloroethane",biotransformer_envmicro,1,0.952381,1.0,0.952381,top5
FR-BBD3-PARENT-c0612,"cis -1,3-Dichloropropene",biotransformer_envmicro,1,0.888889,1.0,0.888889,top5
FR-BBD3-CAND-c0611,"trans-1,3-Dichloropropene",biotransformer_envmicro,1,0.888889,1.0,0.888889,top5
FR-BBD3-PARENT-c0563,Dodecyl sulfate,biotransformer_envmicro,1,0.888889,0.933333,0.835821,top5
FR-BBD3-PARENT-c1549,"1,5-Anhydro-D-fructose",biotransformer_envmicro,1,0.0,0.0,0.0,bottom5
FR-BBD3-PARENT-c1586,Atenolol,biotransformer_envmicro,1,0.0,0.0,0.0,bottom5
FR-BBD3-CAND-c0282,3-Hydroxytoluene (m-Cresol),biotransformer_envmicro,1,0.0,0.0,0.0,bottom5
FR-BBD3-CAND-c0141,gamma-Hexachlorocyclohexane,biotransformer_envmicro,1,0.0,0.0,0.0,bottom5
FR-BBD3-CAND-c1570,"(R,R)-Iminodisuccinate",biotransformer_envmicro,1,0.0,0.0,0.0,bottom5
FR-BBD3-PARENT-c0941,Cyclohexane,biotransformer_envmicro,3,0.807692,1.0,0.807692,top5
FR-BBD3-PARENT-c0689,Cyclohexylsulfamate,biotransformer_envmicro,3,0.615385,1.0,0.615385,top5
FR-BBD3-PARENT-c0233,Dichloromethane,biotransformer_envmicro,3,1.0,0.6,0.6,top5
FR-BBD3-PARENT-c1354,"1,4-Dioxane",biotransformer_envmicro,3,0.53886,0.962963,0.527919,top5
FR-BBD3-PARENT-c1094,Caffeine,biotransformer_envmicro,3,0.8,0.575758,0.503311,top5
FR-BBD3-PARENT-c1531,Acenaphthylene,biotransformer_envmicro,3,0.0,0.0,0.0,bottom5
FR-BBD3-PARENT-c1549,"1,5-Anhydro-D-fructose",biotransformer_envmicro,3,0.0,0.0,0.0,bottom5
FR-BBD3-PARENT-c1586,Atenolol,biotransformer_envmicro,3,0.0,0.0,0.0,bottom5
FR-BBD3-CAND-c0282,3-Hydroxytoluene (m-Cresol),biotransformer_envmicro,3,0.0,0.0,0.0,bottom5
FR-BBD3-CAND-c0141,gamma-Hexachlorocyclohexane,biotransformer_envmicro,3,0.0,0.0,0.0,bottom5
FR-BBD3-PARENT-c0941,Cyclohexane,biotransformer_envmicro,5,0.807692,1.0,0.807692,top5
FR-BBD3-PARENT-c0689,Cyclohexylsulfamate,biotransformer_envmicro,5,0.615385,1.0,0.615385,top5
FR-BBD3-PARENT-c0233,Dichloromethane,biotransformer_envmicro,5,1.0,0.6,0.6,top5
FR-BBD3-PARENT-c0563,Dodecyl sulfate,biotransformer_envmicro,5,0.509091,0.933333,0.491228,top5
FR-BBD3-PARENT-c0486,Carbon Tetrachloride,biotransformer_envmicro,5,1.0,0.483871,0.483871,top5
FR-BBD3-PARENT-c1266,Bisphenol F,biotransformer_envmicro,5,0.0,0.0,0.0,bottom5
FR-BBD3-PARENT-c1412,Ketoprofen,biotransformer_envmicro,5,0.0,0.0,0.0,bottom5
FR-BBD3-PARENT-c1549,"1,5-Anhydro-D-fructose",biotransformer_envmicro,5,0.0,0.0,0.0,bottom5
FR-BBD3-CAND-c0282,3-Hydroxytoluene (m-Cresol),biotransformer_envmicro,5,0.0,0.0,0.0,bottom5
FR-BBD3-CAND-c0141,gamma-Hexachlorocyclohexane,biotransformer_envmicro,5,0.0,0.0,0.0,bottom5
FR-BBD3-PARENT-c0941,Cyclohexane,biotransformer_envmicro,10,0.807692,1.0,0.807692,top5
FR-BBD3-PARENT-c0689,Cyclohexylsulfamate,biotransformer_envmicro,10,0.615385,1.0,0.615385,top5
FR-BBD3-PARENT-c0233,Dichloromethane,biotransformer_envmicro,10,1.0,0.6,0.6,top5
FR-BBD3-PARENT-c0563,Dodecyl sulfate,biotransformer_envmicro,10,0.504505,0.933333,0.486957,top5
FR-BBD3-PARENT-c0486,Carbon Tetrachloride,biotransformer_envmicro,10,1.0,0.483871,0.483871,top5
FR-BBD3-PARENT-c1266,Bisphenol F,biotransformer_envmicro,10,0.0,0.0,0.0,bottom5
FR-BBD3-PARENT-c1412,Ketoprofen,biotransformer_envmicro,10,0.0,0.0,0.0,bottom5
FR-BBD3-PARENT-c1549,"1,5-Anhydro-D-fructose",biotransformer_envmicro,10,0.0,0.0,0.0,bottom5
FR-BBD3-CAND-c0282,3-Hydroxytoluene (m-Cresol),biotransformer_envmicro,10,0.0,0.0,0.0,bottom5
FR-BBD3-CAND-c0141,gamma-Hexachlorocyclohexane,biotransformer_envmicro,10,0.0,0.0,0.0,bottom5
FR-BBD3-CAND-c0257,Cyromazine (N-Cyclopropylmelamine),envipath_prediction,1,0.888889,0.875,0.788732,top5
FR-BBD3-PARENT-c1531,Acenaphthylene,envipath_prediction,1,1.0,0.774194,0.774194,top5
FR-BBD3-PARENT-c1266,Bisphenol F,envipath_prediction,1,1.0,0.75,0.75,top5
FR-BBD3-PARENT-c0597,Cyanamide,envipath_prediction,1,0.666667,1.0,0.666667,top5
FR-BBD3-PARENT-c0694,4-Hydroxyacetophenone,envipath_prediction,1,0.8,0.75,0.631579,top5
FR-BBD3-CAND-c0611,"trans-1,3-Dichloropropene",envipath_prediction,1,0.0,0.0,0.0,bottom5
FR-BBD3-CAND-c0282,3-Hydroxytoluene (m-Cresol),envipath_prediction,1,0.0,0.0,0.0,bottom5
FR-BBD3-CAND-c1376,"2,6-Dichlorobenzonitrile (Dichlobenil)",envipath_prediction,1,0.0,0.0,0.0,bottom5
FR-BBD3-CAND-c0141,gamma-Hexachlorocyclohexane,envipath_prediction,1,0.0,0.0,0.0,bottom5
FR-BBD3-CAND-c1570,"(R,R)-Iminodisuccinate",envipath_prediction,1,0.0,0.0,0.0,bottom5
FR-BBD3-PARENT-c1266,Bisphenol F,envipath_prediction,3,1.0,0.75,0.75,top5
FR-BBD3-PARENT-c0233,Dichloromethane,envipath_prediction,3,1.0,0.6,0.6,top5
FR-BBD3-PARENT-c0526,Acetylene,envipath_prediction,3,0.586667,0.916667,0.556962,top5
FR-BBD3-PARENT-c0597,Cyanamide,envipath_prediction,3,0.5,1.0,0.5,top5
FR-BBD3-PARENT-c0486,Carbon Tetrachloride,envipath_prediction,3,1.0,0.483871,0.483871,top5
FR-BBD3-PARENT-c1586,Atenolol,envipath_prediction,3,0.0,0.0,0.0,bottom5
FR-BBD3-CAND-c0620,trans-3-Chloroacrylic acid,envipath_prediction,3,0.0,0.0,0.0,bottom5
FR-BBD3-CAND-c1376,"2,6-Dichlorobenzonitrile (Dichlobenil)",envipath_prediction,3,0.0,0.0,0.0,bottom5
FR-BBD3-CAND-c0141,gamma-Hexachlorocyclohexane,envipath_prediction,3,0.0,0.0,0.0,bottom5
FR-BBD3-CAND-c1570,"(R,R)-Iminodisuccinate",envipath_prediction,3,0.0,0.0,0.0,bottom5
FR-BBD3-PARENT-c1266,Bisphenol F,envipath_prediction,5,1.0,0.75,0.75,top5
FR-BBD3-PARENT-c1094,Caffeine,envipath_prediction,5,0.767123,0.848485,0.674699,top5
FR-BBD3-PARENT-c0233,Dichloromethane,envipath_prediction,5,1.0,0.6,0.6,top5
FR-BBD3-PARENT-c0526,Acetylene,envipath_prediction,5,0.586667,0.916667,0.556962,top5
FR-BBD3-PARENT-c0597,Cyanamide,envipath_prediction,5,0.5,1.0,0.5,top5
FR-BBD3-PARENT-c1586,Atenolol,envipath_prediction,5,0.0,0.0,0.0,bottom5
FR-BBD3-CAND-c0620,trans-3-Chloroacrylic acid,envipath_prediction,5,0.0,0.0,0.0,bottom5
FR-BBD3-CAND-c1376,"2,6-Dichlorobenzonitrile (Dichlobenil)",envipath_prediction,5,0.0,0.0,0.0,bottom5
FR-BBD3-CAND-c0141,gamma-Hexachlorocyclohexane,envipath_prediction,5,0.0,0.0,0.0,bottom5
FR-BBD3-CAND-c1570,"(R,R)-Iminodisuccinate",envipath_prediction,5,0.0,0.0,0.0,bottom5
FR-BBD3-PARENT-c1266,Bisphenol F,envipath_prediction,10,1.0,0.75,0.75,top5
FR-BBD3-PARENT-c1094,Caffeine,envipath_prediction,10,0.767123,0.848485,0.674699,top5
FR-BBD3-PARENT-c0233,Dichloromethane,envipath_prediction,10,1.0,0.6,0.6,top5
FR-BBD3-PARENT-c0526,Acetylene,envipath_prediction,10,0.586667,0.916667,0.556962,top5
FR-BBD3-PARENT-c0597,Cyanamide,envipath_prediction,10,0.5,1.0,0.5,top5
FR-BBD3-PARENT-c1586,Atenolol,envipath_prediction,10,0.0,0.0,0.0,bottom5
FR-BBD3-CAND-c0620,trans-3-Chloroacrylic acid,envipath_prediction,10,0.0,0.0,0.0,bottom5
FR-BBD3-CAND-c1376,"2,6-Dichlorobenzonitrile (Dichlobenil)",envipath_prediction,10,0.0,0.0,0.0,bottom5
FR-BBD3-CAND-c0141,gamma-Hexachlorocyclohexane,envipath_prediction,10,0.0,0.0,0.0,bottom5
FR-BBD3-CAND-c1570,"(R,R)-Iminodisuccinate",envipath_prediction,10,0.0,0.0,0.0,bottom5
FR-BBD3-PARENT-c0941,Cyclohexane,eclipse_predec,1,0.984127,0.984127,0.96875,top5
FR-BBD3-PARENT-c0612,"cis -1,3-Dichloropropene",eclipse_predec,1,0.903226,1.0,0.903226,top5
FR-BBD3-CAND-c0611,"trans-1,3-Dichloropropene",eclipse_predec,1,0.888889,1.0,0.888889,top5
FR-BBD3-PARENT-c0563,Dodecyl sulfate,eclipse_predec,1,0.933333,0.933333,0.875,top5
FR-BBD3-PARENT-c0689,Cyclohexylsulfamate,eclipse_predec,1,0.8,1.0,0.8,top5
FR-BBD3-CAND-c0282,3-Hydroxytoluene (m-Cresol),eclipse_predec,1,0.0,0.0,0.0,bottom5
FR-BBD3-CAND-c0257,Cyromazine (N-Cyclopropylmelamine),eclipse_predec,1,0.0,0.0,0.0,bottom5
FR-BBD3-CAND-c0971,Fosfomycin,eclipse_predec,1,0.0,0.0,0.0,bottom5
FR-BBD3-CAND-c0141,gamma-Hexachlorocyclohexane,eclipse_predec,1,0.0,0.0,0.0,bottom5
FR-BBD3-CAND-c0347,Methanesulfonate,eclipse_predec,1,0.0,0.0,0.0,bottom5
FR-BBD3-PARENT-c1094,Caffeine,eclipse_predec,3,0.39819,0.666667,0.332075,top5
FR-BBD3-PARENT-c0563,Dodecyl sulfate,eclipse_predec,3,0.309392,0.933333,0.302703,top5
FR-BBD3-PARENT-c0626,Limonene,eclipse_predec,3,0.428571,0.361809,0.244068,top5
FR-BBD3-CAND-c1570,"(R,R)-Iminodisuccinate",eclipse_predec,3,0.238806,1.0,0.238806,top5
FR-BBD3-PARENT-c1441,Alachlor,eclipse_predec,3,0.366197,0.382353,0.230088,top5
FR-BBD3-PARENT-c1383,Benzothiophene,eclipse_predec,3,0.0,0.0,0.0,bottom5
FR-BBD3-PARENT-c1391,Cinnamate,eclipse_predec,3,0.0,0.0,0.0,bottom5
FR-BBD3-PARENT-c1549,"1,5-Anhydro-D-fructose",eclipse_predec,3,0.0,0.0,0.0,bottom5
FR-BBD3-CAND-c0282,3-Hydroxytoluene (m-Cresol),eclipse_predec,3,0.0,0.0,0.0,bottom5
FR-BBD3-CAND-c0971,Fosfomycin,eclipse_predec,3,0.0,0.0,0.0,bottom5
FR-BBD3-PARENT-c0626,Limonene,eclipse_predec,5,0.317073,0.522613,0.245863,top5
FR-BBD3-PARENT-c1441,Alachlor,eclipse_predec,5,0.216524,0.558824,0.184915,top5
FR-BBD3-PARENT-c1094,Caffeine,eclipse_predec,5,0.195556,0.666667,0.178138,top5
FR-BBD3-PARENT-c1285,Carbofuran,eclipse_predec,5,0.169761,0.571429,0.150588,top5
FR-BBD3-PARENT-c0116,Ethylbenzene,eclipse_predec,5,0.146699,0.697674,0.137931,top5
FR-BBD3-PARENT-c0139,"beta -1,2,3,4,5,6-Hexachlorocyclohexane",eclipse_predec,5,0.0,0.0,0.0,bottom5
FR-BBD3-PARENT-c0444,Carbazole,eclipse_predec,5,0.0,0.0,0.0,bottom5
FR-BBD3-PARENT-c1078,Isooctane,eclipse_predec,5,0.0,0.0,0.0,bottom5
FR-BBD3-PARENT-c1549,"1,5-Anhydro-D-fructose",eclipse_predec,5,0.0,0.0,0.0,bottom5
FR-BBD3-CAND-c0282,3-Hydroxytoluene (m-Cresol),eclipse_predec,5,0.0,0.0,0.0,bottom5
FR-BBD3-PARENT-c1094,Caffeine,eclipse_predec,10,0.168099,0.666667,0.155066,top5
FR-BBD3-PARENT-c1352,"N,N-Diethyl-m-toluamide",eclipse_predec,10,0.125,0.913043,0.123529,top5
FR-BBD3-PARENT-c0002,Atrazine,eclipse_predec,10,0.11234,0.702128,0.10723,top5
FR-BBD3-PARENT-c0480,Bromoxynil,eclipse_predec,10,0.104771,0.8,0.102097,top5
FR-BBD3-PARENT-c0116,Ethylbenzene,eclipse_predec,10,0.101672,0.883721,0.10033,top5
FR-BBD3-PARENT-c0426,Dibenzo-p-dioxin,eclipse_predec,10,0.009346,0.25,0.009091,bottom5
FR-BBD3-PARENT-c0444,Carbazole,eclipse_predec,10,0.004237,0.125,0.004115,bottom5
FR-BBD3-PARENT-c0006,Gallate,eclipse_predec,10,0.0,0.0,0.0,bottom5
FR-BBD3-PARENT-c1549,"1,5-Anhydro-D-fructose",eclipse_predec,10,0.0,0.0,0.0,bottom5
FR-BBD3-CAND-c0282,3-Hydroxytoluene (m-Cresol),eclipse_predec,10,0.0,0.0,0.0,bottom5
FR-BBD3-PARENT-c0432,epsilon -Caprolactam,eclipse_noec,1,1.0,1.0,1.0,top5
FR-BBD3-PARENT-c0691,Dimethylphosphinate,eclipse_noec,1,1.0,1.0,1.0,top5
FR-BBD3-PARENT-c0367,Benzonitrile,eclipse_noec,1,0.888889,1.0,0.888889,top5
FR-BBD3-PARENT-c0563,Dodecyl sulfate,eclipse_noec,1,0.888889,0.933333,0.835821,top5
FR-BBD3-PARENT-c1043,Geraniol,eclipse_noec,1,0.872727,0.857143,0.761905,top5
FR-BBD3-CAND-c0611,"trans-1,3-Dichloropropene",eclipse_noec,1,0.0,0.0,0.0,bottom5
FR-BBD3-CAND-c0282,3-Hydroxytoluene (m-Cresol),eclipse_noec,1,0.0,0.0,0.0,bottom5
FR-BBD3-CAND-c0257,Cyromazine (N-Cyclopropylmelamine),eclipse_noec,1,0.0,0.0,0.0,bottom5
FR-BBD3-CAND-c1376,"2,6-Dichlorobenzonitrile (Dichlobenil)",eclipse_noec,1,0.0,0.0,0.0,bottom5
FR-BBD3-CAND-c0971,Fosfomycin,eclipse_noec,1,0.0,0.0,0.0,bottom5
FR-BBD3-PARENT-c1094,Caffeine,eclipse_noec,3,0.462963,0.757576,0.403226,top5
FR-BBD3-PARENT-c1352,"N,N-Diethyl-m-toluamide",eclipse_noec,3,0.30303,0.652174,0.26087,top5
FR-BBD3-CAND-c1570,"(R,R)-Iminodisuccinate",eclipse_noec,3,0.258065,1.0,0.258065,top5
FR-BBD3-PARENT-c1019,2-Mercaptobenzothiazole,eclipse_noec,3,0.335196,0.47619,0.244898,top5
FR-BBD3-PARENT-c0897,Benzyl sulfide,eclipse_noec,3,0.277778,0.625,0.238095,top5
FR-BBD3-PARENT-c1549,"1,5-Anhydro-D-fructose",eclipse_noec,3,0.0,0.0,0.0,bottom5
FR-BBD3-CAND-c0620,trans-3-Chloroacrylic acid,eclipse_noec,3,0.0,0.0,0.0,bottom5
FR-BBD3-CAND-c0611,"trans-1,3-Dichloropropene",eclipse_noec,3,0.0,0.0,0.0,bottom5
FR-BBD3-CAND-c0282,3-Hydroxytoluene (m-Cresol),eclipse_noec,3,0.0,0.0,0.0,bottom5
FR-BBD3-CAND-c0971,Fosfomycin,eclipse_noec,3,0.0,0.0,0.0,bottom5
FR-BBD3-PARENT-c1094,Caffeine,eclipse_noec,5,0.28125,0.818182,0.264706,top5
FR-BBD3-PARENT-c0897,Benzyl sulfide,eclipse_noec,5,0.162162,0.75,0.153846,top5
FR-BBD3-PARENT-c1188,Endosulfan,eclipse_noec,5,0.184615,0.444444,0.15,top5
FR-BBD3-PARENT-c1313,"2,4-Dinitrotoluene",eclipse_noec,5,0.158273,0.619718,0.144262,top5
FR-BBD3-PARENT-c1019,2-Mercaptobenzothiazole,eclipse_noec,5,0.17094,0.47619,0.143885,top5
FR-BBD3-PARENT-c1072,3-Fluorobenzoate,eclipse_noec,5,0.0,0.0,0.0,bottom5
FR-BBD3-PARENT-c1078,Isooctane,eclipse_noec,5,0.0,0.0,0.0,bottom5
FR-BBD3-PARENT-c1391,Cinnamate,eclipse_noec,5,0.0,0.0,0.0,bottom5
FR-BBD3-PARENT-c1549,"1,5-Anhydro-D-fructose",eclipse_noec,5,0.0,0.0,0.0,bottom5
FR-BBD3-CAND-c0611,"trans-1,3-Dichloropropene",eclipse_noec,5,0.0,0.0,0.0,bottom5
FR-BBD3-PARENT-c1094,Caffeine,eclipse_noec,10,0.248848,0.818182,0.235808,top5
FR-BBD3-PARENT-c1188,Endosulfan,eclipse_noec,10,0.17284,0.518519,0.148936,top5
FR-BBD3-PARENT-c0480,Bromoxynil,eclipse_noec,10,0.116183,0.8,0.112903,top5
FR-BBD3-PARENT-c1019,2-Mercaptobenzothiazole,eclipse_noec,10,0.127119,0.47619,0.111524,top5
FR-BBD3-PARENT-c0626,Limonene,eclipse_noec,10,0.129412,0.442211,0.111252,top5
FR-BBD3-PARENT-c1039,4-Fluorobenzoate,eclipse_noec,10,0.0,0.0,0.0,bottom5
FR-BBD3-PARENT-c1078,Isooctane,eclipse_noec,10,0.0,0.0,0.0,bottom5
FR-BBD3-PARENT-c1391,Cinnamate,eclipse_noec,10,0.0,0.0,0.0,bottom5
FR-BBD3-PARENT-c1549,"1,5-Anhydro-D-fructose",eclipse_noec,10,0.0,0.0,0.0,bottom5
FR-BBD3-CAND-c0611,"trans-1,3-Dichloropropene",eclipse_noec,10,0.0,0.0,0.0,bottom5
