path	exists	type	bytes	sha256	note
/root/projects/EnzymeCAGE-master/HPC_Inputs/enzymecage_m3_p1_2_1_small_pollutant_degradation_strict_single_parent_benchmark_v0_1_20260728.tar.gz	true	file	15018	94637b47f7f0f3c755e7bda2c023b45c8b4f178409d3c39c75573b4b118603e4	source used
/root/projects/EnzymeCAGE-master/HPC_Returned_Result_Summaries/enzymecage_m3_p1_2_1_small_pollutant_degradation_strict_single_parent_benchmark_v0_1_20260728	false	missing			fixed prompt path absent
/root/projects/EnzymeCAGE-master/HPC_Returned_Result_Summaries/enzymecage_m3_p1_2_1_small_pollutant_degradation_strict_single_parent_benchmark_v0_1_20260728.tar.gz	false	missing			fixed prompt path absent
/root/projects/EnzymeCAGE-master/HPC_Returned_Result_Summaries/enzymecage_m3_p1_2_1_small_pollutant_gold_standard_schema_scoring_freeze_20260804	true	directory	11990	c2f746f434b614a948221b4764cfd91a215ef112dc9843a46120267149ff3417	directory manifest over 11 files; not overwritten
/root/projects/EnzymeCAGE-master/HPC_Returned_Result_Summaries/enzymecage_m3_p1_2_1_small_pollutant_strict_v0_1_biotransformer_envmicro_prediction_20260728.tar.gz	true	file	29264	20e3827f68f9b0bc8290acc95fc89cd39ff63193ca4f55631355b265993120b9	provenance source
/root/projects/EnzymeCAGE-master/HPC_Returned_Result_Summaries/enzymecage_m3_p1_2_1_small_pollutant_strict_v0_1_enviformer_latest_prediction_20260728.tar.gz	true	file	18113	b7e2ce6e23efbc370be90533687c405e6a629aa6e889a8937b5cac8676e4b6db	provenance source
/tmp/enzymecage_m3_p1_2_1_gold_rerun1_xmv1ej44/enzymecage_m3_p1_2_1_small_pollutant_degradation_strict_single_parent_benchmark_v0_1_20260728/restricted/POLLUTANT_DEGRADATION_STRICT_SINGLE_PARENT_ACCEPTED_PRODUCTS_V0_1.csv	true	file	6841	92867b670b8cdc816082cb9d4edfc8795f468c9964314f8a27d5c0929532d9c7	source used
/tmp/enzymecage_m3_p1_2_1_gold_rerun1_xmv1ej44/enzymecage_m3_p1_2_1_small_pollutant_degradation_strict_single_parent_benchmark_v0_1_20260728/restricted/POLLUTANT_DEGRADATION_STRICT_SINGLE_PARENT_RESTRICTED_ANSWER_KEY_V0_1.jsonl	true	file	34823	db6bbdd6ba203b118207bfa4ee6c2474a6bbfb34c14eb6df1ca794a57c796f15	source used
/tmp/enzymecage_m3_p1_2_1_gold_rerun1_xmv1ej44/enzymecage_m3_p1_2_1_small_pollutant_degradation_strict_single_parent_benchmark_v0_1_20260728/benchmark/POLLUTANT_DEGRADATION_STRICT_SINGLE_PARENT_BLIND_INPUTS_V0_1.csv	true	file	6717	0e215dc1ebd448f2f3633121d06532e7bee4ffb01a08440fa81e8c35e11af77f	source used
