case_id,pollutant_name,parent_comp_id,parent_smiles_original,parent_smiles_canonical,parent_inchikey,accepted_product_count,reaction_ids,product_names,product_inchikeys,case_note
"SPD-BBD-2,4-d","2,4-Dichlorophenoxyacetic Acid",c0288,[O-]C(=O)COc1ccc(Cl)cc1Cl,O=C([O-])COc1ccc(Cl)cc1Cl,OVSKIKFHRZPJSS-UHFFFAOYSA-M,1,r0280,4-Chlorophenoxyacetate,SODPIMGUZLOIPE-UHFFFAOYSA-M,Accepted products are direct first-generation EAWAG-BBD outcomes represented as single product molecules.
SPD-BBD-ala,Alachlor,c1441,CCc1cccc(CC)c1N(COC)C(=O)CCl,CCc1cccc(CC)c1N(COC)C(=O)CCl,XCSGPAVHZFQHGE-UHFFFAOYSA-N,1,r1693,"2-Hydroxy-2',6'-diethyl-N-acetanilide",CEFLNPUKMSWYFB-UHFFFAOYSA-N,Accepted products are direct first-generation EAWAG-BBD outcomes represented as single product molecules.
SPD-BBD-atr,Atrazine,c0002,CCNc1nc(Cl)nc(NC(C)C)n1,CCNc1nc(Cl)nc(NC(C)C)n1,MXWJVTOOROXGIU-UHFFFAOYSA-N,3,r0113|r0118|r0127,Hydroxyatrazine|Deisopropylatrazine|Deethylatrazine,NFMIMWNQWAWNDW-UHFFFAOYSA-N|IVENSCMCQBJAKW-UHFFFAOYSA-N|DFWFIQKMSFGDCQ-UHFFFAOYSA-N,Accepted products are direct first-generation EAWAG-BBD outcomes represented as single product molecules.
SPD-BBD-bpa,Bisphenol A,c0764,CC(C)(c1ccc(O)cc1)c1ccc(O)cc1,CC(C)(c1ccc(O)cc1)c1ccc(O)cc1,IISBACLAFKSPIT-UHFFFAOYSA-N,2,r0860|r0861,"1,2-bis(4-Hydroxyphenyl)-2-propanol|2,2-bis(4-Hydroxyphenyl)-1-propanol",ODPHPWGPPAECAJ-UHFFFAOYSA-N|HHOUSCIEKLBSGQ-UHFFFAOYSA-N,Accepted products are direct first-generation EAWAG-BBD outcomes represented as single product molecules.
SPD-BBD-caf,Caffeine,c1094,CN1C=NC2=C1C(=O)N(C)C(=O)N2C,Cn1c(=O)c2c(ncn2C)n(C)c1=O,RYYVLZVUVIJVGH-UHFFFAOYSA-N,3,r1247|r1251|r1321,"Theobromine|Paraxanthine|1,3,7-Trimethyluric acid",YAPQBXQYLJRXSA-UHFFFAOYSA-N|QUNWUDVFRNGTCO-UHFFFAOYSA-N|BYXCFUMGEBZDDI-UHFFFAOYSA-N,Accepted products are direct first-generation EAWAG-BBD outcomes represented as single product molecules.
SPD-BBD-cbf,Carbofuran,c1285,CNC(=O)Oc1cccc2CC(C)(C)Oc12,CNC(=O)Oc1cccc2c1OC(C)(C)C2,DUEPRVBVGDRKAG-UHFFFAOYSA-N,3,r1540|r1541|r1549,4-Hydroxycarbofuran|2-Hydroxy-3-(3-methylpropan-2-ol) benzene-N-methylcarbamate|3-Hydroxycarbofuran,SLQAZKPVCRVOTB-UHFFFAOYSA-N|ILKNALUJMWELEO-UHFFFAOYSA-N|RHSUJRQZTQNSLL-UHFFFAOYSA-N,Accepted products are direct first-generation EAWAG-BBD outcomes represented as single product molecules.
SPD-BBD-dce,"1,2-Dichloroethane",c0001,ClCCCl,ClCCCl,WSLDOOZREJYCGB-UHFFFAOYSA-N,1,r0001,2-Chloroethanol,SZIFAVKTNFCBPC-UHFFFAOYSA-N,Accepted products are direct first-generation EAWAG-BBD outcomes represented as single product molecules.
SPD-BBD-dmta,"N,N-Diethyl-m-toluamide",c1352,CCN(CC)C(=O)c1cccc(C)c1,CCN(CC)C(=O)c1cccc(C)c1,MMOXZBCLCQITDF-UHFFFAOYSA-N,2,r1837|r1838,"m -Toluamide|N , N -diethyl-3-(hydroxymethyl)benzamide",FPINATACRXASTP-UHFFFAOYSA-N|FRZJZRVZZNTMAW-UHFFFAOYSA-N,Accepted products are direct first-generation EAWAG-BBD outcomes represented as single product molecules.
SPD-BBD-gly,Glyphosate,c0134,[O-]C(=O)CNCP([O-])([O-])=O,O=C([O-])CNCP(=O)([O-])[O-],XDDAORKBJWWYJS-UHFFFAOYSA-K,1,r0072,Sarcosine,FSYKKLYZXJSNPZ-UHFFFAOYSA-M,Accepted products are direct first-generation EAWAG-BBD outcomes represented as single product molecules.
SPD-BBD-mal,Malathion,c1457,CCOC(=O)CC(SP(=S)(OC)OC)C(=O)OCC,CCOC(=O)CC(SP(=S)(OC)OC)C(=O)OCC,JXSJBGJIGXNWCI-UHFFFAOYSA-N,2,r1680|r1701,Diethyl malate|Malaoxon,VKNUORWMCINMRB-UHFFFAOYSA-N|WSORODGWGUUOBO-UHFFFAOYSA-N,Two multi-product reactions are excluded; r1680 retained with evidence downgrade.
SPD-BBD-naph,Naphthalene,c0333,c1ccc2ccccc2c1,c1ccc2ccccc2c1,UFWIBTONFRDIAS-UHFFFAOYSA-N,2,r0334|r1616,"cis-1,2-Dihydroxy-1,2-dihydronaphthalene|2,3-Dihydroxynaphthalene",QPUHWUSUBHNZCG-VHSXEESVSA-N|JRNGUTKWMSBIBF-UHFFFAOYSA-N,Corrected from manual flagged-case audit; accepted products are single-molecule direct first-generation outcomes.
SPD-BBD-nb,Nitrobenzene,c0313,[O-][N+](=O)c1ccccc1,O=[N+]([O-])c1ccccc1,LQNUZADURLCDLV-UHFFFAOYSA-N,2,r0302|r0306,Nitrosobenzene|Catechol,NLRKCXQQSUWLCH-UHFFFAOYSA-N|YCIMNLLNPGFGHC-UHFFFAOYSA-N,Corrected from manual flagged-case audit; accepted products are single-molecule direct first-generation outcomes.
SPD-BBD-pha,Phenanthrene,c0431,c1ccc2c(c1)ccc1ccccc21,c1ccc2c(c1)ccc1ccccc12,YNPNZTXNASCQKK-UHFFFAOYSA-N,4,r0455|r0492|r0495|r0498,"cis-3,4-Dihydroxy-3,4-dihydrophenanthrene|Phenanthrene-1,2-oxide|Phenanthrene-9,10-oxide|1-Phenanthrol",FOTICWSJABVKPW-JSGCOSHPSA-N|ALTXUIJFJAHUPS-UHFFFAOYSA-N|PXPGRGGVENWVBD-UHFFFAOYSA-N|GTBXZWADMKOZQJ-UHFFFAOYSA-N,Corrected from manual flagged-case audit; accepted products are single-molecule direct first-generation outcomes.
SPD-BBD-pthn,Parathion,c0084,CCOP(=S)(OCC)Oc1ccc(cc1)[N+]([O-])=O,CCOP(=S)(OCC)Oc1ccc([N+](=O)[O-])cc1,LCCNCVORNKJIRZ-UHFFFAOYSA-N,2,r0066|r0068,Paraoxon|Aminoparathion,WYMSBXTXOHUIGT-UHFFFAOYSA-N|XIZOTXGJXSTQDI-UHFFFAOYSA-N,Hydrolysis reaction r0064 is excluded from strict v0.1 because it produces two products.
SPD-BBD-pyr,Pyrene,c0841,c1cc2ccc3cccc4ccc(c1)c2c34,c1cc2ccc3cccc4ccc(c1)c2c34,BBEAQIROQSPTKN-UHFFFAOYSA-N,3,r0934|r0941|r0943,"cis-4,5-Dihydroxy-4,5-dihydropyrene|Pyrene-4,5-oxide|Pyrene-1,2-oxide",NIUGQCSXPHANNG-IYBDPMFKSA-N|RJCXKHSGIOKCID-UHFFFAOYSA-N|IRYBKFGKUNZRSI-UHFFFAOYSA-N,Corrected from manual flagged-case audit; accepted products are single-molecule direct first-generation outcomes.
SPD-BBD-tbp2,Tetrabromobisphenol A,c0763,CC(C)(c1cc(Br)c(O)c(Br)c1)c1cc(Br)c(O)c(Br)c1,CC(C)(c1cc(Br)c(O)c(Br)c1)c1cc(Br)c(O)c(Br)c1,VEORPZCZECFIRK-UHFFFAOYSA-N,1,r0821,"3,3',5-Tribromobisphenol A",WYBOEVJIVYIEJL-UHFFFAOYSA-N,Corrected from manual flagged-case audit; accepted products are single-molecule direct first-generation outcomes.
SPD-BBD-tce2,Tetrachloroethene,c0004,ClC(Cl)=C(Cl)Cl,ClC(Cl)=C(Cl)Cl,CYTYCFOTNPOANT-UHFFFAOYSA-N,1,r0349,"1,1,2-Trichloroethylene",XSTXAVWGXDQKEL-UHFFFAOYSA-N,Accepted products are direct first-generation EAWAG-BBD outcomes represented as single product molecules.
SPD-BBD-tol,Toluene,c0114,Cc1ccccc1,Cc1ccccc1,YXFVVABEGXRONW-UHFFFAOYSA-N,5,r0253|r0255|r0260|r0265|r0270,"Toluene-cis-1,2-dihydrodiol|4-Hydroxytoluene|2-Hydroxytoluene|Benzyl alcohol|3-Hydroxytoluene",FTZZKLFGNQOODA-RQJHMYQMSA-N|IWDCLRJOBJJRNH-UHFFFAOYSA-N|QWVGKYWNOKOFNN-UHFFFAOYSA-N|WVDDGKGOMKODPV-UHFFFAOYSA-N|RLSSMJSEOOYNOY-UHFFFAOYSA-N,Corrected from manual flagged-case audit; accepted products are single-molecule direct first-generation outcomes.
