case_id,pollutant_name,parent_comp_id,parent_url,parent_smiles_original,parent_smiles_canonical,parent_inchikey,reaction_id,reaction_url,reaction_text,product_name,product_comp_id,product_url,product_smiles_original,product_smiles_canonical,product_inchikey,evidence_level,note,strict_v0_1_status
"SPD-BBD-2,4-d","2,4-Dichlorophenoxyacetic Acid",c0288,https://eawag-bbd.ethz.ch/servlets/pageservlet?ptype=c&compID=c0288,[O-]C(=O)COc1ccc(Cl)cc1Cl,O=C([O-])COc1ccc(Cl)cc1Cl,OVSKIKFHRZPJSS-UHFFFAOYSA-M,r0280,https://eawag-bbd.ethz.ch/servlets/pageservlet?ptype=r&reacID=r0280,,4-Chlorophenoxyacetate,c0294,https://eawag-bbd.ethz.ch/servlets/pageservlet?compID=c0294&ptype=c,[O-]C(=O)COc1ccc(Cl)cc1,O=C([O-])COc1ccc(Cl)cc1,SODPIMGUZLOIPE-UHFFFAOYSA-M,eawag_bbd_reaction_page,,accepted_strict_single_parent_v0_1
SPD-BBD-ala,Alachlor,c1441,https://eawag-bbd.ethz.ch/servlets/pageservlet?ptype=c&compID=c1441,CCc1cccc(CC)c1N(COC)C(=O)CCl,CCc1cccc(CC)c1N(COC)C(=O)CCl,XCSGPAVHZFQHGE-UHFFFAOYSA-N,r1693,https://eawag-bbd.ethz.ch/servlets/pageservlet?ptype=r&reacID=r1693,,"2-Hydroxy-2',6'-diethyl-N-acetanilide",c1449,https://eawag-bbd.ethz.ch/servlets/pageservlet?compID=c1449&ptype=c,CCc1cccc(CC)c1N(COC)C(=O)CO,CCc1cccc(CC)c1N(COC)C(=O)CO,CEFLNPUKMSWYFB-UHFFFAOYSA-N,eawag_bbd_reaction_page,,accepted_strict_single_parent_v0_1
SPD-BBD-atr,Atrazine,c0002,https://eawag-bbd.ethz.ch/servlets/pageservlet?ptype=c&compID=c0002,CCNc1nc(Cl)nc(NC(C)C)n1,CCNc1nc(Cl)nc(NC(C)C)n1,MXWJVTOOROXGIU-UHFFFAOYSA-N,r0113,https://eawag-bbd.ethz.ch/servlets/pageservlet?ptype=r&reacID=r0113,,Hydroxyatrazine,c0161,https://eawag-bbd.ethz.ch/servlets/pageservlet?compID=c0161&ptype=c,CCNc1nc(O)nc(NC(C)C)n1,CCNc1nc(O)nc(NC(C)C)n1,NFMIMWNQWAWNDW-UHFFFAOYSA-N,eawag_bbd_reaction_page,,accepted_strict_single_parent_v0_1
SPD-BBD-atr,Atrazine,c0002,https://eawag-bbd.ethz.ch/servlets/pageservlet?ptype=c&compID=c0002,CCNc1nc(Cl)nc(NC(C)C)n1,CCNc1nc(Cl)nc(NC(C)C)n1,MXWJVTOOROXGIU-UHFFFAOYSA-N,r0118,https://eawag-bbd.ethz.ch/servlets/pageservlet?ptype=r&reacID=r0118,,Deisopropylatrazine,c0166,https://eawag-bbd.ethz.ch/servlets/pageservlet?compID=c0166&ptype=c,CCNc1nc(N)nc(Cl)n1,CCNc1nc(N)nc(Cl)n1,IVENSCMCQBJAKW-UHFFFAOYSA-N,eawag_bbd_reaction_page,,accepted_strict_single_parent_v0_1
SPD-BBD-atr,Atrazine,c0002,https://eawag-bbd.ethz.ch/servlets/pageservlet?ptype=c&compID=c0002,CCNc1nc(Cl)nc(NC(C)C)n1,CCNc1nc(Cl)nc(NC(C)C)n1,MXWJVTOOROXGIU-UHFFFAOYSA-N,r0127,https://eawag-bbd.ethz.ch/servlets/pageservlet?ptype=r&reacID=r0127,,Deethylatrazine,c0169,https://eawag-bbd.ethz.ch/servlets/pageservlet?compID=c0169&ptype=c,CC(C)Nc1nc(N)nc(Cl)n1,CC(C)Nc1nc(N)nc(Cl)n1,DFWFIQKMSFGDCQ-UHFFFAOYSA-N,eawag_bbd_reaction_page,,accepted_strict_single_parent_v0_1
SPD-BBD-bpa,Bisphenol A,c0764,https://eawag-bbd.ethz.ch/servlets/pageservlet?ptype=c&compID=c0764,CC(C)(c1ccc(O)cc1)c1ccc(O)cc1,CC(C)(c1ccc(O)cc1)c1ccc(O)cc1,IISBACLAFKSPIT-UHFFFAOYSA-N,r0860,https://eawag-bbd.ethz.ch/servlets/pageservlet?ptype=r&reacID=r0860,,"1,2-bis(4-Hydroxyphenyl)-2-propanol",c0778,https://eawag-bbd.ethz.ch/servlets/pageservlet?compID=c0778&ptype=c,CC(O)(Cc1ccc(O)cc1)c1ccc(O)cc1,CC(O)(Cc1ccc(O)cc1)c1ccc(O)cc1,ODPHPWGPPAECAJ-UHFFFAOYSA-N,eawag_bbd_reaction_page,,accepted_strict_single_parent_v0_1
SPD-BBD-bpa,Bisphenol A,c0764,https://eawag-bbd.ethz.ch/servlets/pageservlet?ptype=c&compID=c0764,CC(C)(c1ccc(O)cc1)c1ccc(O)cc1,CC(C)(c1ccc(O)cc1)c1ccc(O)cc1,IISBACLAFKSPIT-UHFFFAOYSA-N,r0861,https://eawag-bbd.ethz.ch/servlets/pageservlet?ptype=r&reacID=r0861,,"2,2-bis(4-Hydroxyphenyl)-1-propanol",c0788,https://eawag-bbd.ethz.ch/servlets/pageservlet?compID=c0788&ptype=c,CC(CO)(c1ccc(O)cc1)c1ccc(O)cc1,CC(CO)(c1ccc(O)cc1)c1ccc(O)cc1,HHOUSCIEKLBSGQ-UHFFFAOYSA-N,eawag_bbd_reaction_page,,accepted_strict_single_parent_v0_1
SPD-BBD-caf,Caffeine,c1094,https://eawag-bbd.ethz.ch/servlets/pageservlet?ptype=c&compID=c1094,CN1C=NC2=C1C(=O)N(C)C(=O)N2C,Cn1c(=O)c2c(ncn2C)n(C)c1=O,RYYVLZVUVIJVGH-UHFFFAOYSA-N,r1247,https://eawag-bbd.ethz.ch/servlets/pageservlet?ptype=r&reacID=r1247,,Theobromine,c1095,https://eawag-bbd.ethz.ch/servlets/pageservlet?compID=c1095&ptype=c,Cn1cnc2n(C)c(=O)[nH]c(=O)c12,Cn1cnc2c1c(=O)[nH]c(=O)n2C,YAPQBXQYLJRXSA-UHFFFAOYSA-N,eawag_bbd_reaction_page,,accepted_strict_single_parent_v0_1
SPD-BBD-caf,Caffeine,c1094,https://eawag-bbd.ethz.ch/servlets/pageservlet?ptype=c&compID=c1094,CN1C=NC2=C1C(=O)N(C)C(=O)N2C,Cn1c(=O)c2c(ncn2C)n(C)c1=O,RYYVLZVUVIJVGH-UHFFFAOYSA-N,r1251,https://eawag-bbd.ethz.ch/servlets/pageservlet?ptype=r&reacID=r1251,,Paraxanthine,c1102,https://eawag-bbd.ethz.ch/servlets/pageservlet?compID=c1102&ptype=c,Cn1cnc2[nH]c(=O)n(C)c(=O)c12,Cn1c(=O)[nH]c2ncn(C)c2c1=O,QUNWUDVFRNGTCO-UHFFFAOYSA-N,eawag_bbd_reaction_page,,accepted_strict_single_parent_v0_1
SPD-BBD-caf,Caffeine,c1094,https://eawag-bbd.ethz.ch/servlets/pageservlet?ptype=c&compID=c1094,CN1C=NC2=C1C(=O)N(C)C(=O)N2C,Cn1c(=O)c2c(ncn2C)n(C)c1=O,RYYVLZVUVIJVGH-UHFFFAOYSA-N,r1321,https://eawag-bbd.ethz.ch/servlets/pageservlet?ptype=r&reacID=r1321,,"1,3,7-Trimethyluric acid",c1153,https://eawag-bbd.ethz.ch/servlets/pageservlet?compID=c1153&ptype=c,CN1c2[nH]c(=O)n(C)c2C(=O)N(C)C1=O,Cn1c(=O)c2c([nH]c(=O)n2C)n(C)c1=O,BYXCFUMGEBZDDI-UHFFFAOYSA-N,eawag_bbd_reaction_page,,accepted_strict_single_parent_v0_1
SPD-BBD-cbf,Carbofuran,c1285,https://eawag-bbd.ethz.ch/servlets/pageservlet?ptype=c&compID=c1285,CNC(=O)Oc1cccc2CC(C)(C)Oc12,CNC(=O)Oc1cccc2c1OC(C)(C)C2,DUEPRVBVGDRKAG-UHFFFAOYSA-N,r1540,https://eawag-bbd.ethz.ch/servlets/pageservlet?ptype=r&reacID=r1540,,4-Hydroxycarbofuran,c1336,https://eawag-bbd.ethz.ch/servlets/pageservlet?compID=c1336&ptype=c,CC1(C)Cc2c(O1)c(O)ccc2O,CC1(C)Cc2c(O)ccc(O)c2O1,SLQAZKPVCRVOTB-UHFFFAOYSA-N,eawag_bbd_reaction_page,,accepted_strict_single_parent_v0_1
SPD-BBD-cbf,Carbofuran,c1285,https://eawag-bbd.ethz.ch/servlets/pageservlet?ptype=c&compID=c1285,CNC(=O)Oc1cccc2CC(C)(C)Oc12,CNC(=O)Oc1cccc2c1OC(C)(C)C2,DUEPRVBVGDRKAG-UHFFFAOYSA-N,r1541,https://eawag-bbd.ethz.ch/servlets/pageservlet?ptype=r&reacID=r1541,,2-Hydroxy-3-(3-methylpropan-2-ol) benzene-N-methylcarbamate,c1337,https://eawag-bbd.ethz.ch/servlets/pageservlet?compID=c1337&ptype=c,CNC(=O)Oc1cccc(CC(C)(C)O)c1O,CNC(=O)Oc1cccc(CC(C)(C)O)c1O,ILKNALUJMWELEO-UHFFFAOYSA-N,eawag_bbd_reaction_page,,accepted_strict_single_parent_v0_1
SPD-BBD-cbf,Carbofuran,c1285,https://eawag-bbd.ethz.ch/servlets/pageservlet?ptype=c&compID=c1285,CNC(=O)Oc1cccc2CC(C)(C)Oc12,CNC(=O)Oc1cccc2c1OC(C)(C)C2,DUEPRVBVGDRKAG-UHFFFAOYSA-N,r1549,https://eawag-bbd.ethz.ch/servlets/pageservlet?ptype=r&reacID=r1549,,3-Hydroxycarbofuran,c1342,https://eawag-bbd.ethz.ch/servlets/pageservlet?compID=c1342&ptype=c,CNC(=O)Oc1cccc2C(O)C(C)(C)Oc12,CNC(=O)Oc1cccc2c1OC(C)(C)C2O,RHSUJRQZTQNSLL-UHFFFAOYSA-N,eawag_bbd_reaction_page,,accepted_strict_single_parent_v0_1
SPD-BBD-dce,"1,2-Dichloroethane",c0001,https://eawag-bbd.ethz.ch/servlets/pageservlet?ptype=c&compID=c0001,ClCCCl,ClCCCl,WSLDOOZREJYCGB-UHFFFAOYSA-N,r0001,https://eawag-bbd.ethz.ch/servlets/pageservlet?ptype=r&reacID=r0001,,2-Chloroethanol,c0005,https://eawag-bbd.ethz.ch/servlets/pageservlet?compID=c0005&ptype=c,OCCCl,OCCCl,SZIFAVKTNFCBPC-UHFFFAOYSA-N,eawag_bbd_reaction_page,,accepted_strict_single_parent_v0_1
SPD-BBD-dmta,"N,N-Diethyl-m-toluamide",c1352,https://eawag-bbd.ethz.ch/servlets/pageservlet?ptype=c&compID=c1352,CCN(CC)C(=O)c1cccc(C)c1,CCN(CC)C(=O)c1cccc(C)c1,MMOXZBCLCQITDF-UHFFFAOYSA-N,r1837,https://eawag-bbd.ethz.ch/servlets/pageservlet?ptype=r&reacID=r1837,,m -Toluamide,c1600,https://eawag-bbd.ethz.ch/servlets/pageservlet?compID=c1600&ptype=c,CCNC(=O)c1cccc(C)c1,CCNC(=O)c1cccc(C)c1,FPINATACRXASTP-UHFFFAOYSA-N,eawag_bbd_reaction_page,,accepted_strict_single_parent_v0_1
SPD-BBD-dmta,"N,N-Diethyl-m-toluamide",c1352,https://eawag-bbd.ethz.ch/servlets/pageservlet?ptype=c&compID=c1352,CCN(CC)C(=O)c1cccc(C)c1,CCN(CC)C(=O)c1cccc(C)c1,MMOXZBCLCQITDF-UHFFFAOYSA-N,r1838,https://eawag-bbd.ethz.ch/servlets/pageservlet?ptype=r&reacID=r1838,,"N , N -diethyl-3-(hydroxymethyl)benzamide",c1602,https://eawag-bbd.ethz.ch/servlets/pageservlet?compID=c1602&ptype=c,CCN(CC)C(=O)c1cccc(CO)c1,CCN(CC)C(=O)c1cccc(CO)c1,FRZJZRVZZNTMAW-UHFFFAOYSA-N,eawag_bbd_reaction_page,,accepted_strict_single_parent_v0_1
SPD-BBD-gly,Glyphosate,c0134,https://eawag-bbd.ethz.ch/servlets/pageservlet?ptype=c&compID=c0134,[O-]C(=O)CNCP([O-])([O-])=O,O=C([O-])CNCP(=O)([O-])[O-],XDDAORKBJWWYJS-UHFFFAOYSA-K,r0072,https://eawag-bbd.ethz.ch/servlets/pageservlet?ptype=r&reacID=r0072,,Sarcosine,c0135,https://eawag-bbd.ethz.ch/servlets/pageservlet?compID=c0135&ptype=c,CNCC([O-])=O,CNCC(=O)[O-],FSYKKLYZXJSNPZ-UHFFFAOYSA-M,eawag_bbd_reaction_page,,accepted_strict_single_parent_v0_1
SPD-BBD-mal,Malathion,c1457,https://eawag-bbd.ethz.ch/servlets/pageservlet?compID=c1457&ptype=c,CCOC(=O)CC(SP(=S)(OC)OC)C(=O)OCC,CCOC(=O)CC(SP(=S)(OC)OC)C(=O)OCC,JXSJBGJIGXNWCI-UHFFFAOYSA-N,r1680,https://eawag-bbd.ethz.ch/servlets/pageservlet?ptype=r&reacID=r1680,,Diethyl malate,c1466,https://eawag-bbd.ethz.ch/servlets/pageservlet?compID=c1466&ptype=c,CCOC(=O)CC(O)C(=O)OCC,CCOC(=O)CC(O)C(=O)OCC,VKNUORWMCINMRB-UHFFFAOYSA-N,eawag_bbd_reaction_page_evidence_downgraded,GPT audit noted weak enzyme/EC annotation for r1680; retained only for product-prediction benchmark with evidence downgrade.,accepted_strict_single_parent_v0_1
SPD-BBD-mal,Malathion,c1457,https://eawag-bbd.ethz.ch/servlets/pageservlet?compID=c1457&ptype=c,CCOC(=O)CC(SP(=S)(OC)OC)C(=O)OCC,CCOC(=O)CC(SP(=S)(OC)OC)C(=O)OCC,JXSJBGJIGXNWCI-UHFFFAOYSA-N,r1701,https://eawag-bbd.ethz.ch/servlets/pageservlet?ptype=r&reacID=r1701,,Malaoxon,c1467,https://eawag-bbd.ethz.ch/servlets/pageservlet?compID=c1467&ptype=c,CCOC(=O)CC(SP(=O)(OC)OC)C(=O)OCC,CCOC(=O)CC(SP(=O)(OC)OC)C(=O)OCC,WSORODGWGUUOBO-UHFFFAOYSA-N,eawag_bbd_reaction_page,,accepted_strict_single_parent_v0_1
SPD-BBD-naph,Naphthalene,c0333,https://eawag-bbd.ethz.ch/servlets/pageservlet?compID=c0333&ptype=c,c1ccc2ccccc2c1,c1ccc2ccccc2c1,UFWIBTONFRDIAS-UHFFFAOYSA-N,r0334,https://eawag-bbd.ethz.ch/servlets/pageservlet?ptype=r&reacID=r0334,,"cis-1,2-Dihydroxy-1,2-dihydronaphthalene",c0334,https://eawag-bbd.ethz.ch/servlets/pageservlet?compID=c0334&ptype=c,O[C@H]1C=Cc2ccccc2[C@H]1O,O[C@@H]1c2ccccc2C=C[C@@H]1O,QPUHWUSUBHNZCG-VHSXEESVSA-N,eawag_bbd_reaction_page,,accepted_strict_single_parent_v0_1
SPD-BBD-naph,Naphthalene,c0333,https://eawag-bbd.ethz.ch/servlets/pageservlet?compID=c0333&ptype=c,c1ccc2ccccc2c1,c1ccc2ccccc2c1,UFWIBTONFRDIAS-UHFFFAOYSA-N,r1616,https://eawag-bbd.ethz.ch/servlets/pageservlet?ptype=r&reacID=r1616,,"2,3-Dihydroxynaphthalene",c1009,https://eawag-bbd.ethz.ch/servlets/pageservlet?compID=c1009&ptype=c,Oc1cc2ccccc2cc1O,Oc1cc2ccccc2cc1O,JRNGUTKWMSBIBF-UHFFFAOYSA-N,eawag_bbd_reaction_page,,accepted_strict_single_parent_v0_1
SPD-BBD-nb,Nitrobenzene,c0313,https://eawag-bbd.ethz.ch/servlets/pageservlet?compID=c0313&ptype=c,[O-][N+](=O)c1ccccc1,O=[N+]([O-])c1ccccc1,LQNUZADURLCDLV-UHFFFAOYSA-N,r0302,https://eawag-bbd.ethz.ch/servlets/pageservlet?ptype=r&reacID=r0302,,Nitrosobenzene,c0314,https://eawag-bbd.ethz.ch/servlets/pageservlet?compID=c0314&ptype=c,O=Nc1ccccc1,O=Nc1ccccc1,NLRKCXQQSUWLCH-UHFFFAOYSA-N,eawag_bbd_reaction_page,,accepted_strict_single_parent_v0_1
SPD-BBD-nb,Nitrobenzene,c0313,https://eawag-bbd.ethz.ch/servlets/pageservlet?compID=c0313&ptype=c,[O-][N+](=O)c1ccccc1,O=[N+]([O-])c1ccccc1,LQNUZADURLCDLV-UHFFFAOYSA-N,r0306,https://eawag-bbd.ethz.ch/servlets/pageservlet?ptype=r&reacID=r0306,,Catechol,c0097,https://eawag-bbd.ethz.ch/servlets/pageservlet?compID=c0097&ptype=c,Oc1ccccc1O,Oc1ccccc1O,YCIMNLLNPGFGHC-UHFFFAOYSA-N,eawag_bbd_reaction_page,,accepted_strict_single_parent_v0_1
SPD-BBD-pha,Phenanthrene,c0431,https://eawag-bbd.ethz.ch/servlets/pageservlet?compID=c0431&ptype=c,c1ccc2c(c1)ccc1ccccc21,c1ccc2c(c1)ccc1ccccc12,YNPNZTXNASCQKK-UHFFFAOYSA-N,r0455,https://eawag-bbd.ethz.ch/servlets/pageservlet?ptype=r&reacID=r0455,,"cis-3,4-Dihydroxy-3,4-dihydrophenanthrene",c0434,https://eawag-bbd.ethz.ch/servlets/pageservlet?compID=c0434&ptype=c,O[C@H]1C=Cc2ccc3ccccc3c2[C@H]1O,O[C@@H]1c2c(ccc3ccccc23)C=C[C@@H]1O,FOTICWSJABVKPW-JSGCOSHPSA-N,eawag_bbd_reaction_page,,accepted_strict_single_parent_v0_1
SPD-BBD-pha,Phenanthrene,c0431,https://eawag-bbd.ethz.ch/servlets/pageservlet?compID=c0431&ptype=c,c1ccc2c(c1)ccc1ccccc21,c1ccc2c(c1)ccc1ccccc12,YNPNZTXNASCQKK-UHFFFAOYSA-N,r0492,https://eawag-bbd.ethz.ch/servlets/pageservlet?ptype=r&reacID=r0492,,"Phenanthrene-1,2-oxide",c0449,https://eawag-bbd.ethz.ch/servlets/pageservlet?compID=c0449&ptype=c,O1C2C=Cc3c(ccc4ccccc34)C12,C1=CC2OC2c2ccc3ccccc3c21,ALTXUIJFJAHUPS-UHFFFAOYSA-N,eawag_bbd_reaction_page,,accepted_strict_single_parent_v0_1
SPD-BBD-pha,Phenanthrene,c0431,https://eawag-bbd.ethz.ch/servlets/pageservlet?compID=c0431&ptype=c,c1ccc2c(c1)ccc1ccccc21,c1ccc2c(c1)ccc1ccccc12,YNPNZTXNASCQKK-UHFFFAOYSA-N,r0495,https://eawag-bbd.ethz.ch/servlets/pageservlet?ptype=r&reacID=r0495,,"Phenanthrene-9,10-oxide",c0452,https://eawag-bbd.ethz.ch/servlets/pageservlet?compID=c0452&ptype=c,O1C2C1c1ccccc1-c1ccccc21,c1ccc2c(c1)-c1ccccc1C1OC21,PXPGRGGVENWVBD-UHFFFAOYSA-N,eawag_bbd_reaction_page,,accepted_strict_single_parent_v0_1
SPD-BBD-pha,Phenanthrene,c0431,https://eawag-bbd.ethz.ch/servlets/pageservlet?compID=c0431&ptype=c,c1ccc2c(c1)ccc1ccccc21,c1ccc2c(c1)ccc1ccccc12,YNPNZTXNASCQKK-UHFFFAOYSA-N,r0498,https://eawag-bbd.ethz.ch/servlets/pageservlet?ptype=r&reacID=r0498,,1-Phenanthrol,c0450,https://eawag-bbd.ethz.ch/servlets/pageservlet?compID=c0450&ptype=c,Oc1cccc2c1ccc1ccccc21,Oc1cccc2c1ccc1ccccc12,GTBXZWADMKOZQJ-UHFFFAOYSA-N,eawag_bbd_reaction_page,,accepted_strict_single_parent_v0_1
SPD-BBD-pthn,Parathion,c0084,https://eawag-bbd.ethz.ch/servlets/pageservlet?compID=c0084&ptype=c,CCOP(=S)(OCC)Oc1ccc(cc1)[N+]([O-])=O,CCOP(=S)(OCC)Oc1ccc([N+](=O)[O-])cc1,LCCNCVORNKJIRZ-UHFFFAOYSA-N,r0066,https://eawag-bbd.ethz.ch/servlets/pageservlet?ptype=r&reacID=r0066,,Paraoxon,c0088,https://eawag-bbd.ethz.ch/servlets/pageservlet?compID=c0088&ptype=c,CCOP(=O)(OCC)Oc1ccc(cc1)[N+]([O-])=O,CCOP(=O)(OCC)Oc1ccc([N+](=O)[O-])cc1,WYMSBXTXOHUIGT-UHFFFAOYSA-N,eawag_bbd_reaction_page,,accepted_strict_single_parent_v0_1
SPD-BBD-pthn,Parathion,c0084,https://eawag-bbd.ethz.ch/servlets/pageservlet?compID=c0084&ptype=c,CCOP(=S)(OCC)Oc1ccc(cc1)[N+]([O-])=O,CCOP(=S)(OCC)Oc1ccc([N+](=O)[O-])cc1,LCCNCVORNKJIRZ-UHFFFAOYSA-N,r0068,https://eawag-bbd.ethz.ch/servlets/pageservlet?ptype=r&reacID=r0068,,Aminoparathion,c0089,https://eawag-bbd.ethz.ch/servlets/pageservlet?compID=c0089&ptype=c,CCOP(=S)(OCC)Oc1ccc(N)cc1,CCOP(=S)(OCC)Oc1ccc(N)cc1,XIZOTXGJXSTQDI-UHFFFAOYSA-N,eawag_bbd_reaction_page,,accepted_strict_single_parent_v0_1
SPD-BBD-pyr,Pyrene,c0841,https://eawag-bbd.ethz.ch/servlets/pageservlet?compID=c0841&ptype=c,c1cc2ccc3cccc4ccc(c1)c2c34,c1cc2ccc3cccc4ccc(c1)c2c34,BBEAQIROQSPTKN-UHFFFAOYSA-N,r0934,https://eawag-bbd.ethz.ch/servlets/pageservlet?ptype=r&reacID=r0934,,"cis-4,5-Dihydroxy-4,5-dihydropyrene",c0842,https://eawag-bbd.ethz.ch/servlets/pageservlet?compID=c0842&ptype=c,O[C@H]1[C@@H](O)c2cccc3ccc4cccc1c4c23,O[C@@H]1c2cccc3ccc4cccc(c4c23)[C@@H]1O,NIUGQCSXPHANNG-IYBDPMFKSA-N,eawag_bbd_reaction_page,,accepted_strict_single_parent_v0_1
SPD-BBD-pyr,Pyrene,c0841,https://eawag-bbd.ethz.ch/servlets/pageservlet?compID=c0841&ptype=c,c1cc2ccc3cccc4ccc(c1)c2c34,c1cc2ccc3cccc4ccc(c1)c2c34,BBEAQIROQSPTKN-UHFFFAOYSA-N,r0941,https://eawag-bbd.ethz.ch/servlets/pageservlet?ptype=r&reacID=r0941,,"Pyrene-4,5-oxide",c0848,https://eawag-bbd.ethz.ch/servlets/pageservlet?compID=c0848&ptype=c,O1C2C1c1cccc3ccc4cccc2c4c13,c1cc2c3c(c1)ccc1cccc(c13)C1OC21,RJCXKHSGIOKCID-UHFFFAOYSA-N,eawag_bbd_reaction_page,,accepted_strict_single_parent_v0_1
SPD-BBD-pyr,Pyrene,c0841,https://eawag-bbd.ethz.ch/servlets/pageservlet?compID=c0841&ptype=c,c1cc2ccc3cccc4ccc(c1)c2c34,c1cc2ccc3cccc4ccc(c1)c2c34,BBEAQIROQSPTKN-UHFFFAOYSA-N,r0943,https://eawag-bbd.ethz.ch/servlets/pageservlet?ptype=r&reacID=r0943,,"Pyrene-1,2-oxide",c0850,https://eawag-bbd.ethz.ch/servlets/pageservlet?compID=c0850&ptype=c,O1C2C=C3C=Cc4cccc5ccc(C12)c3c45,C1=c2ccc3cccc4ccc(c2c43)C2OC12,IRYBKFGKUNZRSI-UHFFFAOYSA-N,eawag_bbd_reaction_page,,accepted_strict_single_parent_v0_1
SPD-BBD-tbp2,Tetrabromobisphenol A,c0763,https://eawag-bbd.ethz.ch/servlets/pageservlet?compID=c0763&ptype=c,CC(C)(c1cc(Br)c(O)c(Br)c1)c1cc(Br)c(O)c(Br)c1,CC(C)(c1cc(Br)c(O)c(Br)c1)c1cc(Br)c(O)c(Br)c1,VEORPZCZECFIRK-UHFFFAOYSA-N,r0821,https://eawag-bbd.ethz.ch/servlets/pageservlet?ptype=r&reacID=r0821,,"3,3',5-Tribromobisphenol A",c0768,https://eawag-bbd.ethz.ch/servlets/pageservlet?compID=c0768&ptype=c,CC(C)(c1ccc(O)c(Br)c1)c1cc(Br)c(O)c(Br)c1,CC(C)(c1ccc(O)c(Br)c1)c1cc(Br)c(O)c(Br)c1,WYBOEVJIVYIEJL-UHFFFAOYSA-N,eawag_bbd_reaction_page,,accepted_strict_single_parent_v0_1
SPD-BBD-tce2,Tetrachloroethene,c0004,https://eawag-bbd.ethz.ch/servlets/pageservlet?ptype=c&compID=c0004,ClC(Cl)=C(Cl)Cl,ClC(Cl)=C(Cl)Cl,CYTYCFOTNPOANT-UHFFFAOYSA-N,r0349,https://eawag-bbd.ethz.ch/servlets/pageservlet?ptype=r&reacID=r0349,,"1,1,2-Trichloroethylene",c0009,https://eawag-bbd.ethz.ch/servlets/pageservlet?compID=c0009&ptype=c,ClC=C(Cl)Cl,ClC=C(Cl)Cl,XSTXAVWGXDQKEL-UHFFFAOYSA-N,eawag_bbd_reaction_page,,accepted_strict_single_parent_v0_1
SPD-BBD-tol,Toluene,c0114,https://eawag-bbd.ethz.ch/servlets/pageservlet?compID=c0114&ptype=c,Cc1ccccc1,Cc1ccccc1,YXFVVABEGXRONW-UHFFFAOYSA-N,r0253,https://eawag-bbd.ethz.ch/servlets/pageservlet?ptype=r&reacID=r0253,,"Toluene-cis-1,2-dihydrodiol",c0283,https://eawag-bbd.ethz.ch/servlets/pageservlet?compID=c0283&ptype=c,CC1=CC=C[C@@H](O)[C@H]1O,CC1=CC=C[C@@H](O)[C@H]1O,FTZZKLFGNQOODA-RQJHMYQMSA-N,eawag_bbd_reaction_page,,accepted_strict_single_parent_v0_1
SPD-BBD-tol,Toluene,c0114,https://eawag-bbd.ethz.ch/servlets/pageservlet?compID=c0114&ptype=c,Cc1ccccc1,Cc1ccccc1,YXFVVABEGXRONW-UHFFFAOYSA-N,r0255,https://eawag-bbd.ethz.ch/servlets/pageservlet?ptype=r&reacID=r0255,,4-Hydroxytoluene,c0127,https://eawag-bbd.ethz.ch/servlets/pageservlet?compID=c0127&ptype=c,Cc1ccc(O)cc1,Cc1ccc(O)cc1,IWDCLRJOBJJRNH-UHFFFAOYSA-N,eawag_bbd_reaction_page,,accepted_strict_single_parent_v0_1
SPD-BBD-tol,Toluene,c0114,https://eawag-bbd.ethz.ch/servlets/pageservlet?compID=c0114&ptype=c,Cc1ccccc1,Cc1ccccc1,YXFVVABEGXRONW-UHFFFAOYSA-N,r0260,https://eawag-bbd.ethz.ch/servlets/pageservlet?ptype=r&reacID=r0260,,2-Hydroxytoluene,c0281,https://eawag-bbd.ethz.ch/servlets/pageservlet?compID=c0281&ptype=c,Cc1ccccc1O,Cc1ccccc1O,QWVGKYWNOKOFNN-UHFFFAOYSA-N,eawag_bbd_reaction_page,,accepted_strict_single_parent_v0_1
SPD-BBD-tol,Toluene,c0114,https://eawag-bbd.ethz.ch/servlets/pageservlet?compID=c0114&ptype=c,Cc1ccccc1,Cc1ccccc1,YXFVVABEGXRONW-UHFFFAOYSA-N,r0265,https://eawag-bbd.ethz.ch/servlets/pageservlet?ptype=r&reacID=r0265,,Benzyl alcohol,c0278,https://eawag-bbd.ethz.ch/servlets/pageservlet?compID=c0278&ptype=c,OCc1ccccc1,OCc1ccccc1,WVDDGKGOMKODPV-UHFFFAOYSA-N,eawag_bbd_reaction_page,,accepted_strict_single_parent_v0_1
SPD-BBD-tol,Toluene,c0114,https://eawag-bbd.ethz.ch/servlets/pageservlet?compID=c0114&ptype=c,Cc1ccccc1,Cc1ccccc1,YXFVVABEGXRONW-UHFFFAOYSA-N,r0270,https://eawag-bbd.ethz.ch/servlets/pageservlet?ptype=r&reacID=r0270,,3-Hydroxytoluene,c0282,https://eawag-bbd.ethz.ch/servlets/pageservlet?compID=c0282&ptype=c,Cc1cccc(O)c1,Cc1cccc(O)c1,RLSSMJSEOOYNOY-UHFFFAOYSA-N,eawag_bbd_reaction_page,,accepted_strict_single_parent_v0_1
