round,date,scope,actual_outcome,local_audit_finding,retained_progress,why_next_round,compute_boundary,time_evidence
T6-R1,2026-09-08,"3 reactions x 2 UID x 5 seeds parallel GPU forward recovery","real forward evidence returned","forward layer usable; not full graph","30 forward records and repeat/determinism evidence","remaining real graph/schema/20-test closure","GPU/model forward was run","archive received 14:38 Asia/Shanghai; no reliable full wall-clock captured"
T6-R2,2026-09-08,"real StateGraph invoke/stream and 20-item acceptance","graph compiled and ran but stopped at route_bridge; 15 PASS/3 PARTIAL/1 FAIL/1 BLOCKED; schema 6/8","teacher-owned topology/state/source questions remained","real stop point and gap ledger","wait teacher G1-G5 adjudication; do non-topology work only","mixed CPU/GPU evidence; no claim of complete chain","archive received 16:57 Asia/Shanghai; no isolated task runtime"
waiting-teacher preflight,2026-09-08,"non-topology engineering preflight","prepared evidence while topology decision pending","evidence corrections needed; teacher decision requested","G5 reaction strings recovered; non-topology gaps isolated","teacher 09-09 contract superseded pending assumptions","CPU/read-only","archive received 19:38 Asia/Shanghai"
R3A,2026-09-09,"align teacher contract; remove 8001; entryType selfcheck","16/16 directed tests; located 4 unique UIDs behind 8 records","static/selfcheck layer did not yet prove node-output host evidence/fallback","teacher base/G1 identity; no 8001; reviewed entryType facts","wire reviewed provenance and production fallback","CPU; no model","package generated 06:34:55Z"
R3A-R1,2026-09-09,"live reviewed provenance and runtime wiring correction","4 raw UniProt responses verified reviewed; host records corrected","new helper not consumed by real node; 104MB map fallback not implemented; signature used enzyme UID","4 UID/8 records UNIPROT_REVIEWED; direct REST evidence","implement node-output carrier, real UID-map fallback and host identity signature","CPU/network fixture reuse; no GPU model","R3A and R3A-R1 completion timestamps 06:34:55Z and 11:48:44Z are 5h14m apart; includes our audit, task redesign and executor reimplementation, not pure runtime"
R3A-R2A,2026-09-09,"microbe node output, map fallback, signature correction","Path L/F/U and 142 tests passed internally","overcorrected microbe grouping to signature instead of teacher TaxID; row hash stripped CRLF; Q7X2D3 wording false; sidecars missing","real map loader/fallback; node-output-only conversion; G-SCHEMA structure","restore teacher TaxID key and exact raw-byte semantics","CPU; full 104MB map scans in fresh processes","package internal fresh gate 13:13:11Z to final generation 15:58:23Z about 2h45m; includes development/tests/report/validator retries"
R3A-R2A-R1,2026-09-10,"teacher TaxID grouping + complete raw-row bytes","core code corrected; 155 tests passed","stale R2A reports copied into package; fixed-string validator; sidecars absent","final production patch and 155 test result","evidence-only repackage with real schema/M1-M8/validator","CPU; no model","no reliable full runtime; one-line command log was insufficient"
R3A-R2A-R2,2026-09-10,"zero-model evidence repackage and real validator","stale reports removed; G-SCHEMA 8/8 + 12/12; M1-M8; 155/155","validator V28 required pre-created empty validation; mutation harness called output.touch; atomic three-file delivery was not enforced","internally consistent 44-file evidence package","clean validation write order","CPU; no model","structured worker/test commands 04:18:33Z-04:19:02Z about 29s; overall round longer due our setup, report-generator correction, validator audit and redesign"
R3A-R2A-R3,2026-09-10,"clean external validation and three-file closure","archive/identity/validation all received; P12/12 Q10/10 mutation12/12 final-readonly PASS","LOCAL AUDIT PASS for pre-R3 microbe selfcheck","complete audited microbe/fallback/TaxID/G-SCHEMA selfcheck","next is teacher-contract T6-R3, not another closure round","CPU; no model","package log 06:01:52Z-06:05:52Z to mutation/manifest stage about 4m; final sidecars separately generated and received"
